[2026-05-23 18:49:43] Health check starting
[2026-05-23 18:49:50] Health check done
[2026-05-23 18:59:48] Health check starting
[2026-05-23 18:59:56] Health check done
[2026-05-23 19:09:49] Health check starting
[2026-05-23 19:09:56] Health check done
[2026-05-23 19:19:49] Health check starting
[2026-05-23 19:19:56] Health check done
[2026-05-23 19:29:55] Health check starting
[2026-05-23 19:30:03] Health check done
[2026-05-23 19:40:01] Health check starting
[2026-05-23 19:40:08] Health check done
[2026-05-23 19:50:03] Health check starting
[2026-05-23 19:50:11] Health check done
[2026-05-23 20:00:04] Health check starting
[2026-05-23 20:00:11] Health check done
[2026-05-23 20:10:05] Health check starting
[2026-05-23 20:10:13] Health check done
[2026-05-23 20:20:18] Health check starting
[2026-05-23 20:20:26] Health check done
[2026-05-23 20:30:19] Health check starting
[2026-05-23 20:30:26] Health check done
[2026-05-23 20:40:19] Health check starting
[2026-05-23 20:40:26] Health check done
[2026-05-23 20:50:19] Health check starting
[2026-05-23 20:50:26] Health check done
[2026-05-23 21:00:19] Health check starting
[2026-05-23 21:00:27] Health check done
[2026-05-23 21:10:34] Health check starting
[2026-05-23 21:10:41] Health check done
[2026-05-23 21:20:34] Health check starting
[2026-05-23 21:20:41] Health check done
[2026-05-23 21:30:34] Health check starting
[2026-05-23 21:30:41] Health check done
[2026-05-23 21:40:45] Health check starting
[2026-05-23 21:40:52] Health check done
[2026-05-23 21:50:48] Health check starting
[2026-05-23 21:50:56] Health check done
[2026-05-23 22:00:48] Health check starting
[2026-05-23 22:00:56] Health check done
[2026-05-23 22:10:55] Health check starting
[2026-05-23 22:11:02] Health check done
[2026-05-23 22:20:57] Health check starting
[2026-05-23 22:21:04] Health check done
[2026-05-23 22:31:03] Health check starting
[2026-05-23 22:31:11] Health check done
[2026-05-23 22:41:03] Health check starting
[2026-05-23 22:41:10] Health check done
[2026-05-23 22:51:03] Health check starting
[2026-05-23 22:51:11] Health check done
[2026-05-23 23:01:04] Health check starting
[2026-05-23 23:01:11] Health check done
[2026-05-23 23:11:18] Health check starting
[2026-05-23 23:11:26] Health check done
[2026-05-23 23:21:18] Health check starting
[2026-05-23 23:21:26] Health check done
[2026-05-23 23:31:18] Health check starting
[2026-05-23 23:31:26] Health check done
[2026-05-23 23:41:24] Health check starting
[2026-05-23 23:41:32] Health check done
[2026-05-23 23:51:29] Health check starting
[2026-05-23 23:51:36] Health check done
[2026-05-24 00:01:33] Health check starting
[2026-05-24 00:01:40] Health check done
[2026-05-24 00:11:33] Health check starting
[2026-05-24 00:11:41] Health check done
[2026-05-24 00:21:48] Health check starting
[2026-05-24 00:21:56] Health check done
[2026-05-24 00:31:48] Health check starting
[2026-05-24 00:31:56] Health check done
[2026-05-24 00:41:48] Health check starting
[2026-05-24 00:41:56] Health check done
[2026-05-24 00:51:55] Health check starting
[2026-05-24 00:52:02] Health check done
[2026-05-24 01:02:03] Health check starting
[2026-05-24 01:02:10] Health check done
[2026-05-24 01:12:03] Health check starting
[2026-05-24 01:12:11] Health check done
[2026-05-24 01:22:03] Health check starting
[2026-05-24 01:22:11] Health check done
[2026-05-24 01:32:04] Health check starting
[2026-05-24 01:32:10] Health check done
[2026-05-24 01:42:17] Health check starting
[2026-05-24 01:42:24] Health check done
[2026-05-24 01:52:17] Health check starting
[2026-05-24 01:52:24] Health check done
[2026-05-24 02:02:19] Health check starting
[2026-05-24 02:02:26] Health check done
[2026-05-24 02:12:33] Health check starting
[2026-05-24 02:12:41] Health check done
[2026-05-24 02:22:33] Health check starting
[2026-05-24 02:22:40] Health check done
[2026-05-24 02:32:34] Health check starting
[2026-05-24 02:32:41] Health check done
[2026-05-24 02:42:42] Health check starting
[2026-05-24 02:42:49] Health check done
[2026-05-24 02:52:45] Health check starting
[2026-05-24 02:52:52] Health check done
[2026-05-24 03:02:48] Health check starting
[2026-05-24 03:02:56] Health check done
[2026-05-24 03:12:48] Health check starting
[2026-05-24 03:12:56] Health check done
[2026-05-24 03:22:48] Health check starting
[2026-05-24 03:22:56] Health check done
[2026-05-24 03:32:49] Health check starting
[2026-05-24 03:32:56] Health check done
[2026-05-24 03:42:49] Health check starting
[2026-05-24 03:42:56] Health check done
[2026-05-24 03:52:49] Health check starting
[2026-05-24 03:52:57] Health check done
[2026-05-24 04:02:55] Health check starting
[2026-05-24 04:03:02] Health check done
[2026-05-24 04:12:57] Health check starting
[2026-05-24 04:13:04] Health check done
[2026-05-24 04:23:03] Health check starting
[2026-05-24 04:23:11] Health check done
[2026-05-24 04:33:03] Health check starting
[2026-05-24 04:33:11] Health check done
[2026-05-24 04:43:04] Health check starting
[2026-05-24 04:43:11] Health check done
[2026-05-24 04:53:18] Health check starting
[2026-05-24 04:53:26] Health check done
[2026-05-24 05:03:18] Health check starting
[2026-05-24 05:03:26] Health check done
[2026-05-24 05:13:19] Health check starting
[2026-05-24 05:13:26] Health check done
[2026-05-24 05:23:20] Health check starting
[2026-05-24 05:23:27] Health check done
[2026-05-24 05:33:26] Health check starting
[2026-05-24 05:33:33] Health check done
[2026-05-24 05:43:33] Health check starting
[2026-05-24 05:43:41] Health check done
[2026-05-24 05:53:33] Health check starting
[2026-05-24 05:53:41] Health check done
[2026-05-24 06:03:33] Health check starting
[2026-05-24 06:03:41] Health check done
[2026-05-24 06:13:45] Health check starting
[2026-05-24 06:13:52] Health check done
[2026-05-24 06:23:48] Health check starting
[2026-05-24 06:23:55] Health check done
[2026-05-24 06:33:48] Health check starting
[2026-05-24 06:33:55] Health check done
[2026-05-24 06:43:55] Health check starting
[2026-05-24 06:44:02] Health check done
[2026-05-24 06:54:03] Health check starting
[2026-05-24 06:54:10] Health check done
[2026-05-24 07:04:03] Health check starting
[2026-05-24 07:04:10] Health check done
[2026-05-24 07:14:03] Health check starting
[2026-05-24 07:14:11] Health check done
[2026-05-24 07:24:04] Health check starting
[2026-05-24 07:24:10] Health check done
[2026-05-24 07:34:06] Health check starting
[2026-05-24 07:34:13] Health check done
[2026-05-24 07:44:18] Health check starting
[2026-05-24 07:44:25] Health check done
[2026-05-24 07:54:18] Health check starting
[2026-05-24 07:54:25] Health check done
[2026-05-24 08:04:18] Health check starting
[2026-05-24 08:04:26] Health check done
[2026-05-24 08:14:19] Health check starting
[2026-05-24 08:14:25] Health check done
[2026-05-24 08:24:33] Health check starting
[2026-05-24 08:24:40] Health check done
[2026-05-24 08:34:33] Health check starting
[2026-05-24 08:34:41] Health check done
[2026-05-24 08:44:34] Health check starting
[2026-05-24 08:44:41] Health check done
[2026-05-24 08:54:48] Health check starting
[2026-05-24 08:54:55] Health check done
[2026-05-24 09:04:48] Health check starting
[2026-05-24 09:04:56] Health check done
[2026-05-24 09:14:48] Health check starting
[2026-05-24 09:14:55] Health check done
[2026-05-24 09:24:51] Health check starting
[2026-05-24 09:24:59] Health check done
[2026-05-24 09:34:55] Health check starting
[2026-05-24 09:35:02] Health check done
[2026-05-24 09:45:03] Health check starting
[2026-05-24 09:45:10] Health check done
[2026-05-24 09:55:03] Health check starting
[2026-05-24 09:55:11] Health check done
[2026-05-24 10:05:03] Health check starting
[2026-05-24 10:05:11] Health check done
[2026-05-24 10:15:18] Health check starting
[2026-05-24 10:15:25] Health check done
[2026-05-24 10:25:18] Health check starting
[2026-05-24 10:25:27] Health check done
[2026-05-24 10:35:19] Health check starting
[2026-05-24 10:35:26] Health check done
[2026-05-24 10:45:19] Health check starting
[2026-05-24 10:45:27] Health check done
[2026-05-24 10:55:20] Health check starting
[2026-05-24 10:55:28] Health check done
[2026-05-24 11:05:33] Health check starting
[2026-05-24 11:05:41] Health check done
[2026-05-24 11:15:33] Health check starting
[2026-05-24 11:15:41] Health check done
[2026-05-24 11:25:34] Health check starting
[2026-05-24 11:25:41] Health check done
[2026-05-24 11:35:45] Health check starting
[2026-05-24 11:35:52] Health check done
[2026-05-24 11:45:48] Health check starting
[2026-05-24 11:45:56] Health check done
[2026-05-24 11:55:49] Health check starting
[2026-05-24 11:55:56] Health check done
[2026-05-24 12:05:49] Health check starting
[2026-05-24 12:05:56] Health check done
[2026-05-24 12:15:55] Health check starting
[2026-05-24 12:16:02] Health check done
[2026-05-24 12:26:03] Health check starting
[2026-05-24 12:26:11] Health check done
[2026-05-24 12:36:03] Health check starting
[2026-05-24 12:36:24] chat STALE — restarting
[2026-05-24 12:36:37] chat → https://api.trycloudflare.com
[2026-05-24 12:36:57] comfyui STALE — restarting
[2026-05-24 12:37:10] comfyui → https://api.trycloudflare.com
[2026-05-24 12:37:30] dashboard STALE — restarting
[2026-05-24 12:37:43] dashboard → https://api.trycloudflare.com
[2026-05-24 12:38:03] ipmi STALE — restarting
[2026-05-24 12:38:16] ipmi → https://api.trycloudflare.com
[2026-05-24 12:38:36] atinus STALE — restarting
[2026-05-24 12:38:49] atinus → https://api.trycloudflare.com
[2026-05-24 12:39:09] grafana STALE — restarting
[2026-05-24 12:39:17] grafana FAILED to get new URL
[2026-05-24 12:39:37] obsidian STALE — restarting
[2026-05-24 12:39:45] obsidian FAILED to get new URL
  [chat] → https://api.trycloudflare.com
  [comfyui] → https://api.trycloudflare.com
  [dashboard] → https://api.trycloudflare.com
  [grafana] → https://cultures-inflation-algebra-plastic.trycloudflare.com
  [obsidian] → https://reef-surname-artificial-transaction.trycloudflare.com
  [ipmi] → https://api.trycloudflare.com
  [atinus] → https://api.trycloudflare.com
✓ 7 URL replacement(s) applied
[main 91f99c1] auto-update tunnel URLs (2026-05-24 12:39)
 1 file changed, 5 insertions(+), 5 deletions(-)
fatal: unable to access 'https://github.com/Saurishg/links-page.git/': Could not resolve host: github.com
[2026-05-24 12:40:05] Links page updated
[2026-05-24 12:40:05] Health check done
[2026-05-24 12:46:04] Health check starting
[2026-05-24 12:46:24] chat STALE — restarting
[2026-05-24 12:46:35] chat → https://api.trycloudflare.com
[2026-05-24 12:46:55] comfyui STALE — restarting
[2026-05-24 12:47:06] comfyui → https://api.trycloudflare.com
[2026-05-24 12:47:26] dashboard STALE — restarting
[2026-05-24 12:47:37] dashboard → https://api.trycloudflare.com
[2026-05-24 12:47:57] ipmi STALE — restarting
[2026-05-24 12:48:08] ipmi → https://api.trycloudflare.com
[2026-05-24 12:48:28] atinus STALE — restarting
[2026-05-24 12:48:39] atinus → https://api.trycloudflare.com
[2026-05-24 12:48:59] grafana STALE — restarting
[2026-05-24 12:49:07] grafana FAILED to get new URL
[2026-05-24 12:49:27] obsidian STALE — restarting
[2026-05-24 12:49:35] obsidian FAILED to get new URL
  [chat] → https://api.trycloudflare.com
  [comfyui] → https://api.trycloudflare.com
  [dashboard] → https://api.trycloudflare.com
  [grafana] → https://cultures-inflation-algebra-plastic.trycloudflare.com
  [obsidian] → https://reef-surname-artificial-transaction.trycloudflare.com
  [ipmi] → https://api.trycloudflare.com
  [atinus] → https://api.trycloudflare.com
✓ 7 URL replacement(s) applied
✓ URLs unchanged — no push needed
[2026-05-24 12:49:35] Links page updated
[2026-05-24 12:49:35] Health check done
[2026-05-24 12:56:06] Health check starting
[2026-05-24 12:56:26] chat STALE — restarting
[2026-05-24 12:56:37] chat → https://api.trycloudflare.com
[2026-05-24 12:56:57] comfyui STALE — restarting
[2026-05-24 12:57:08] comfyui → https://api.trycloudflare.com
[2026-05-24 12:57:28] dashboard STALE — restarting
[2026-05-24 12:57:39] dashboard → https://api.trycloudflare.com
[2026-05-24 12:57:59] ipmi STALE — restarting
[2026-05-24 12:58:10] ipmi → https://api.trycloudflare.com
[2026-05-24 12:58:30] atinus STALE — restarting
[2026-05-24 12:58:41] atinus → https://api.trycloudflare.com
[2026-05-24 12:59:01] grafana STALE — restarting
[2026-05-24 12:59:09] grafana FAILED to get new URL
[2026-05-24 12:59:29] obsidian STALE — restarting
[2026-05-24 12:59:37] obsidian FAILED to get new URL
  [chat] → https://api.trycloudflare.com
  [comfyui] → https://api.trycloudflare.com
  [dashboard] → https://api.trycloudflare.com
  [grafana] → https://cultures-inflation-algebra-plastic.trycloudflare.com
  [obsidian] → https://reef-surname-artificial-transaction.trycloudflare.com
  [ipmi] → https://api.trycloudflare.com
  [atinus] → https://api.trycloudflare.com
✓ 7 URL replacement(s) applied
✓ URLs unchanged — no push needed
[2026-05-24 12:59:37] Links page updated
[2026-05-24 12:59:37] Health check done
[2026-05-24 13:06:12] Health check starting
[2026-05-24 13:06:32] chat STALE — restarting
[2026-05-24 13:06:43] chat → https://api.trycloudflare.com
[2026-05-24 13:07:04] comfyui STALE — restarting
[2026-05-24 13:07:15] comfyui → https://api.trycloudflare.com
[2026-05-24 13:07:35] dashboard STALE — restarting
[2026-05-24 13:07:46] dashboard → https://api.trycloudflare.com
[2026-05-24 13:08:06] ipmi STALE — restarting
[2026-05-24 13:08:17] ipmi → https://api.trycloudflare.com
[2026-05-24 13:08:37] atinus STALE — restarting
[2026-05-24 13:08:48] atinus → https://api.trycloudflare.com
[2026-05-24 13:09:08] grafana STALE — restarting
[2026-05-24 13:09:16] grafana FAILED to get new URL
[2026-05-24 13:09:36] obsidian STALE — restarting
[2026-05-24 13:09:44] obsidian FAILED to get new URL
  [chat] → https://api.trycloudflare.com
  [comfyui] → https://api.trycloudflare.com
  [dashboard] → https://api.trycloudflare.com
  [grafana] → https://cultures-inflation-algebra-plastic.trycloudflare.com
  [obsidian] → https://reef-surname-artificial-transaction.trycloudflare.com
  [ipmi] → https://api.trycloudflare.com
  [atinus] → https://api.trycloudflare.com
✓ 7 URL replacement(s) applied
✓ URLs unchanged — no push needed
[2026-05-24 13:09:44] Links page updated
[2026-05-24 13:09:44] Health check done
[2026-05-24 13:16:13] Health check starting
[2026-05-24 13:16:33] chat STALE — restarting
[2026-05-24 13:16:44] chat → https://api.trycloudflare.com
[2026-05-24 13:17:04] comfyui STALE — restarting
[2026-05-24 13:17:15] comfyui → https://api.trycloudflare.com
[2026-05-24 13:17:35] dashboard STALE — restarting
[2026-05-24 13:17:46] dashboard → https://api.trycloudflare.com
[2026-05-24 13:18:06] ipmi STALE — restarting
[2026-05-24 13:18:17] ipmi → https://api.trycloudflare.com
[2026-05-24 13:18:37] atinus STALE — restarting
[2026-05-24 13:18:48] atinus → https://api.trycloudflare.com
[2026-05-24 13:19:08] grafana STALE — restarting
[2026-05-24 13:19:16] grafana FAILED to get new URL
[2026-05-24 13:19:36] obsidian STALE — restarting
[2026-05-24 13:19:44] obsidian FAILED to get new URL
  [chat] → https://api.trycloudflare.com
  [comfyui] → https://api.trycloudflare.com
  [dashboard] → https://api.trycloudflare.com
  [grafana] → https://cultures-inflation-algebra-plastic.trycloudflare.com
  [obsidian] → https://reef-surname-artificial-transaction.trycloudflare.com
  [ipmi] → https://api.trycloudflare.com
  [atinus] → https://api.trycloudflare.com
✓ 7 URL replacement(s) applied
✓ URLs unchanged — no push needed
[2026-05-24 13:19:44] Links page updated
[2026-05-24 13:19:44] Health check done
[2026-05-24 13:26:18] Health check starting
[2026-05-24 13:26:38] chat STALE — restarting
[2026-05-24 13:26:49] chat → https://api.trycloudflare.com
[2026-05-24 13:27:09] comfyui STALE — restarting
[2026-05-24 13:27:20] comfyui → https://api.trycloudflare.com
[2026-05-24 13:27:40] dashboard STALE — restarting
[2026-05-24 13:27:51] dashboard → https://api.trycloudflare.com
[2026-05-24 13:28:11] ipmi STALE — restarting
[2026-05-24 13:28:23] ipmi → https://api.trycloudflare.com
[2026-05-24 13:28:43] atinus STALE — restarting
[2026-05-24 13:28:54] atinus → https://api.trycloudflare.com
[2026-05-24 13:29:14] grafana STALE — restarting
[2026-05-24 13:29:22] grafana FAILED to get new URL
[2026-05-24 13:29:42] obsidian STALE — restarting
[2026-05-24 13:29:50] obsidian FAILED to get new URL
  [chat] → https://api.trycloudflare.com
  [comfyui] → https://api.trycloudflare.com
  [dashboard] → https://api.trycloudflare.com
  [grafana] → https://cultures-inflation-algebra-plastic.trycloudflare.com
  [obsidian] → https://reef-surname-artificial-transaction.trycloudflare.com
  [ipmi] → https://api.trycloudflare.com
  [atinus] → https://api.trycloudflare.com
✓ 7 URL replacement(s) applied
✓ URLs unchanged — no push needed
[2026-05-24 13:29:50] Links page updated
[2026-05-24 13:29:50] Health check done
[2026-05-24 13:36:18] Health check starting
[2026-05-24 13:36:38] chat STALE — restarting
[2026-05-24 13:36:50] chat → https://api.trycloudflare.com
[2026-05-24 13:37:10] comfyui STALE — restarting
[2026-05-24 13:37:21] comfyui → https://api.trycloudflare.com
[2026-05-24 13:37:41] dashboard STALE — restarting
[2026-05-24 13:37:52] dashboard → https://api.trycloudflare.com
[2026-05-24 13:38:12] ipmi STALE — restarting
[2026-05-24 13:38:23] ipmi → https://api.trycloudflare.com
[2026-05-24 13:38:43] atinus STALE — restarting
[2026-05-24 13:38:54] atinus → https://api.trycloudflare.com
[2026-05-24 13:39:14] grafana STALE — restarting
[2026-05-24 13:39:22] grafana FAILED to get new URL
[2026-05-24 13:39:42] obsidian STALE — restarting
[2026-05-24 13:39:50] obsidian FAILED to get new URL
  [chat] → https://api.trycloudflare.com
  [comfyui] → https://api.trycloudflare.com
  [dashboard] → https://api.trycloudflare.com
  [grafana] → https://cultures-inflation-algebra-plastic.trycloudflare.com
  [obsidian] → https://reef-surname-artificial-transaction.trycloudflare.com
  [ipmi] → https://api.trycloudflare.com
  [atinus] → https://api.trycloudflare.com
✓ 7 URL replacement(s) applied
✓ URLs unchanged — no push needed
[2026-05-24 13:39:50] Links page updated
[2026-05-24 13:39:50] Health check done
[2026-05-24 13:46:18] Health check starting
[2026-05-24 13:46:39] chat STALE — restarting
[2026-05-24 13:46:50] chat → https://api.trycloudflare.com
[2026-05-24 13:47:10] comfyui STALE — restarting
[2026-05-24 13:47:21] comfyui → https://api.trycloudflare.com
[2026-05-24 13:47:41] dashboard STALE — restarting
[2026-05-24 13:47:52] dashboard → https://api.trycloudflare.com
[2026-05-24 13:48:12] ipmi STALE — restarting
[2026-05-24 13:48:23] ipmi → https://api.trycloudflare.com
[2026-05-24 13:48:43] atinus STALE — restarting
[2026-05-24 13:48:54] atinus → https://api.trycloudflare.com
[2026-05-24 13:49:14] grafana STALE — restarting
[2026-05-24 13:49:22] grafana FAILED to get new URL
[2026-05-24 13:49:42] obsidian STALE — restarting
[2026-05-24 13:49:50] obsidian FAILED to get new URL
  [chat] → https://api.trycloudflare.com
  [comfyui] → https://api.trycloudflare.com
  [dashboard] → https://api.trycloudflare.com
  [grafana] → https://cultures-inflation-algebra-plastic.trycloudflare.com
  [obsidian] → https://reef-surname-artificial-transaction.trycloudflare.com
  [ipmi] → https://api.trycloudflare.com
  [atinus] → https://api.trycloudflare.com
✓ 7 URL replacement(s) applied
✓ URLs unchanged — no push needed
[2026-05-24 13:49:50] Links page updated
[2026-05-24 13:49:50] Health check done
[2026-05-24 13:56:33] Health check starting
[2026-05-24 13:56:53] chat STALE — restarting
[2026-05-24 13:57:04] chat → https://api.trycloudflare.com
[2026-05-24 13:57:24] comfyui STALE — restarting
[2026-05-24 13:57:35] comfyui → https://api.trycloudflare.com
[2026-05-24 13:57:55] dashboard STALE — restarting
[2026-05-24 13:58:06] dashboard → https://api.trycloudflare.com
[2026-05-24 13:58:26] ipmi STALE — restarting
[2026-05-24 13:58:37] ipmi → https://api.trycloudflare.com
[2026-05-24 13:58:57] atinus STALE — restarting
[2026-05-24 13:59:08] atinus → https://api.trycloudflare.com
[2026-05-24 13:59:28] grafana STALE — restarting
[2026-05-24 13:59:36] grafana FAILED to get new URL
[2026-05-24 13:59:56] obsidian STALE — restarting
[2026-05-24 14:00:04] obsidian FAILED to get new URL
  [chat] → https://api.trycloudflare.com
  [comfyui] → https://api.trycloudflare.com
  [dashboard] → https://api.trycloudflare.com
  [grafana] → https://cultures-inflation-algebra-plastic.trycloudflare.com
  [obsidian] → https://reef-surname-artificial-transaction.trycloudflare.com
  [ipmi] → https://api.trycloudflare.com
  [atinus] → https://api.trycloudflare.com
✓ 7 URL replacement(s) applied
✓ URLs unchanged — no push needed
[2026-05-24 14:00:05] Links page updated
[2026-05-24 14:00:05] Health check done
[2026-05-24 14:06:33] Health check starting
[2026-05-24 14:06:54] chat STALE — restarting
[2026-05-24 14:07:05] chat → https://api.trycloudflare.com
[2026-05-24 14:07:25] comfyui STALE — restarting
[2026-05-24 14:07:36] comfyui → https://api.trycloudflare.com
[2026-05-24 14:07:56] dashboard STALE — restarting
[2026-05-24 14:08:07] dashboard → https://api.trycloudflare.com
[2026-05-24 14:08:27] ipmi STALE — restarting
[2026-05-24 14:08:38] ipmi → https://api.trycloudflare.com
[2026-05-24 14:08:58] atinus STALE — restarting
[2026-05-24 14:09:09] atinus → https://api.trycloudflare.com
[2026-05-24 14:09:29] grafana STALE — restarting
[2026-05-24 14:09:37] grafana FAILED to get new URL
[2026-05-24 14:09:57] obsidian STALE — restarting
[2026-05-24 14:10:05] obsidian FAILED to get new URL
  [chat] → https://api.trycloudflare.com
  [comfyui] → https://api.trycloudflare.com
  [dashboard] → https://api.trycloudflare.com
  [grafana] → https://cultures-inflation-algebra-plastic.trycloudflare.com
  [obsidian] → https://reef-surname-artificial-transaction.trycloudflare.com
  [ipmi] → https://api.trycloudflare.com
  [atinus] → https://api.trycloudflare.com
✓ 7 URL replacement(s) applied
✓ URLs unchanged — no push needed
[2026-05-24 14:10:05] Links page updated
[2026-05-24 14:10:05] Health check done
[2026-05-24 14:16:33] Health check starting
[2026-05-24 14:16:54] chat STALE — restarting
[2026-05-24 14:17:05] chat → https://api.trycloudflare.com
[2026-05-24 14:17:25] comfyui STALE — restarting
[2026-05-24 14:17:36] comfyui → https://api.trycloudflare.com
[2026-05-24 14:17:56] dashboard STALE — restarting
[2026-05-24 14:18:07] dashboard → https://api.trycloudflare.com
[2026-05-24 14:18:27] ipmi STALE — restarting
[2026-05-24 14:18:38] ipmi → https://api.trycloudflare.com
[2026-05-24 14:18:58] atinus STALE — restarting
[2026-05-24 14:19:09] atinus → https://api.trycloudflare.com
[2026-05-24 14:19:29] grafana STALE — restarting
[2026-05-24 14:19:37] grafana FAILED to get new URL
[2026-05-24 14:19:57] obsidian STALE — restarting
[2026-05-24 14:20:05] obsidian FAILED to get new URL
  [chat] → https://api.trycloudflare.com
  [comfyui] → https://api.trycloudflare.com
  [dashboard] → https://api.trycloudflare.com
  [grafana] → https://cultures-inflation-algebra-plastic.trycloudflare.com
  [obsidian] → https://reef-surname-artificial-transaction.trycloudflare.com
  [ipmi] → https://api.trycloudflare.com
  [atinus] → https://api.trycloudflare.com
✓ 7 URL replacement(s) applied
✓ URLs unchanged — no push needed
[2026-05-24 14:20:05] Links page updated
[2026-05-24 14:20:05] Health check done
[2026-05-24 14:26:34] Health check starting
[2026-05-24 14:26:54] chat STALE — restarting
[2026-05-24 14:27:05] chat → https://api.trycloudflare.com
[2026-05-24 14:27:25] comfyui STALE — restarting
[2026-05-24 14:27:36] comfyui → https://api.trycloudflare.com
[2026-05-24 14:27:56] dashboard STALE — restarting
[2026-05-24 14:28:07] dashboard → https://api.trycloudflare.com
[2026-05-24 14:28:27] ipmi STALE — restarting
[2026-05-24 14:28:38] ipmi → https://api.trycloudflare.com
[2026-05-24 14:28:58] atinus STALE — restarting
[2026-05-24 14:29:09] atinus → https://api.trycloudflare.com
[2026-05-24 14:29:29] grafana STALE — restarting
[2026-05-24 14:29:37] grafana FAILED to get new URL
[2026-05-24 14:29:57] obsidian STALE — restarting
[2026-05-24 14:30:05] obsidian FAILED to get new URL
  [chat] → https://api.trycloudflare.com
  [comfyui] → https://api.trycloudflare.com
  [dashboard] → https://api.trycloudflare.com
  [grafana] → https://cultures-inflation-algebra-plastic.trycloudflare.com
  [obsidian] → https://reef-surname-artificial-transaction.trycloudflare.com
  [ipmi] → https://api.trycloudflare.com
  [atinus] → https://api.trycloudflare.com
✓ 7 URL replacement(s) applied
✓ URLs unchanged — no push needed
[2026-05-24 14:30:05] Links page updated
[2026-05-24 14:30:05] Health check done
[2026-05-24 14:36:35] Health check starting
[2026-05-24 14:36:55] chat STALE — restarting
[2026-05-24 14:37:06] chat → https://api.trycloudflare.com
[2026-05-24 14:37:26] comfyui STALE — restarting
[2026-05-24 14:37:37] comfyui → https://api.trycloudflare.com
[2026-05-24 14:37:57] dashboard STALE — restarting
[2026-05-24 14:38:08] dashboard → https://api.trycloudflare.com
[2026-05-24 14:38:28] ipmi STALE — restarting
[2026-05-24 14:38:39] ipmi → https://api.trycloudflare.com
[2026-05-24 14:38:59] atinus STALE — restarting
[2026-05-24 14:39:10] atinus → https://api.trycloudflare.com
[2026-05-24 14:39:30] grafana STALE — restarting
[2026-05-24 14:39:38] grafana FAILED to get new URL
[2026-05-24 14:39:58] obsidian STALE — restarting
[2026-05-24 14:40:06] obsidian FAILED to get new URL
  [chat] → https://api.trycloudflare.com
  [comfyui] → https://api.trycloudflare.com
  [dashboard] → https://api.trycloudflare.com
  [grafana] → https://cultures-inflation-algebra-plastic.trycloudflare.com
  [obsidian] → https://reef-surname-artificial-transaction.trycloudflare.com
  [ipmi] → https://api.trycloudflare.com
  [atinus] → https://api.trycloudflare.com
✓ 7 URL replacement(s) applied
✓ URLs unchanged — no push needed
[2026-05-24 14:40:06] Links page updated
[2026-05-24 14:40:06] Health check done
[2026-05-24 14:46:48] Health check starting
[2026-05-24 14:47:09] chat STALE — restarting
[2026-05-24 14:47:20] chat → https://api.trycloudflare.com
[2026-05-24 14:47:40] comfyui STALE — restarting
[2026-05-24 14:47:51] comfyui → https://api.trycloudflare.com
[2026-05-24 14:48:11] dashboard STALE — restarting
[2026-05-24 14:48:22] dashboard → https://api.trycloudflare.com
[2026-05-24 14:48:42] ipmi STALE — restarting
[2026-05-24 14:48:53] ipmi → https://api.trycloudflare.com
[2026-05-24 14:49:13] atinus STALE — restarting
[2026-05-24 14:49:24] atinus → https://api.trycloudflare.com
[2026-05-24 14:49:44] grafana STALE — restarting
[2026-05-24 14:49:52] grafana FAILED to get new URL
[2026-05-24 14:50:12] obsidian STALE — restarting
[2026-05-24 14:50:20] obsidian FAILED to get new URL
  [chat] → https://api.trycloudflare.com
  [comfyui] → https://api.trycloudflare.com
  [dashboard] → https://api.trycloudflare.com
  [grafana] → https://cultures-inflation-algebra-plastic.trycloudflare.com
  [obsidian] → https://reef-surname-artificial-transaction.trycloudflare.com
  [ipmi] → https://api.trycloudflare.com
  [atinus] → https://api.trycloudflare.com
✓ 7 URL replacement(s) applied
✓ URLs unchanged — no push needed
[2026-05-24 14:50:20] Links page updated
[2026-05-24 14:50:20] Health check done
[2026-05-24 14:56:48] Health check starting
[2026-05-24 14:57:09] chat STALE — restarting
[2026-05-24 14:57:20] chat → https://api.trycloudflare.com
[2026-05-24 14:57:40] comfyui STALE — restarting
[2026-05-24 14:57:51] comfyui → https://api.trycloudflare.com
[2026-05-24 14:58:11] dashboard STALE — restarting
[2026-05-24 14:58:22] dashboard → https://api.trycloudflare.com
[2026-05-24 14:58:42] ipmi STALE — restarting
[2026-05-24 14:58:53] ipmi → https://api.trycloudflare.com
[2026-05-24 14:59:13] atinus STALE — restarting
[2026-05-24 14:59:24] atinus → https://api.trycloudflare.com
[2026-05-24 14:59:44] grafana STALE — restarting
[2026-05-24 14:59:52] grafana FAILED to get new URL
[2026-05-24 15:00:12] obsidian STALE — restarting
[2026-05-24 15:00:20] obsidian FAILED to get new URL
  [chat] → https://api.trycloudflare.com
  [comfyui] → https://api.trycloudflare.com
  [dashboard] → https://api.trycloudflare.com
  [grafana] → https://cultures-inflation-algebra-plastic.trycloudflare.com
  [obsidian] → https://reef-surname-artificial-transaction.trycloudflare.com
  [ipmi] → https://api.trycloudflare.com
  [atinus] → https://api.trycloudflare.com
✓ 7 URL replacement(s) applied
✓ URLs unchanged — no push needed
[2026-05-24 15:00:20] Links page updated
[2026-05-24 15:00:20] Health check done
[2026-05-24 15:06:55] Health check starting
[2026-05-24 15:07:15] chat STALE — restarting
[2026-05-24 15:07:26] chat → https://api.trycloudflare.com
[2026-05-24 15:07:46] comfyui STALE — restarting
[2026-05-24 15:07:57] comfyui → https://api.trycloudflare.com
[2026-05-24 15:08:17] dashboard STALE — restarting
[2026-05-24 15:08:28] dashboard → https://api.trycloudflare.com
[2026-05-24 15:08:48] ipmi STALE — restarting
[2026-05-24 15:08:59] ipmi → https://api.trycloudflare.com
[2026-05-24 15:09:19] atinus STALE — restarting
[2026-05-24 15:09:30] atinus → https://api.trycloudflare.com
[2026-05-24 15:09:50] grafana STALE — restarting
[2026-05-24 15:09:58] grafana FAILED to get new URL
[2026-05-24 15:10:18] obsidian STALE — restarting
[2026-05-24 15:10:26] obsidian FAILED to get new URL
  [chat] → https://api.trycloudflare.com
  [comfyui] → https://api.trycloudflare.com
  [dashboard] → https://api.trycloudflare.com
  [grafana] → https://cultures-inflation-algebra-plastic.trycloudflare.com
  [obsidian] → https://reef-surname-artificial-transaction.trycloudflare.com
  [ipmi] → https://api.trycloudflare.com
  [atinus] → https://api.trycloudflare.com
✓ 7 URL replacement(s) applied
✓ URLs unchanged — no push needed
[2026-05-24 15:10:27] Links page updated
[2026-05-24 15:10:27] Health check done
[2026-05-24 15:17:03] Health check starting
[2026-05-24 15:17:23] chat STALE — restarting
[2026-05-24 15:17:35] chat → https://api.trycloudflare.com
[2026-05-24 15:17:55] comfyui STALE — restarting
[2026-05-24 15:18:06] comfyui → https://api.trycloudflare.com
[2026-05-24 15:18:26] dashboard STALE — restarting
[2026-05-24 15:18:37] dashboard → https://api.trycloudflare.com
[2026-05-24 15:18:57] ipmi STALE — restarting
[2026-05-24 15:19:08] ipmi → https://api.trycloudflare.com
[2026-05-24 15:19:28] atinus STALE — restarting
[2026-05-24 15:19:39] atinus → https://api.trycloudflare.com
[2026-05-24 15:19:59] grafana STALE — restarting
[2026-05-24 15:20:07] grafana FAILED to get new URL
[2026-05-24 15:20:27] obsidian STALE — restarting
[2026-05-24 15:20:35] obsidian FAILED to get new URL
  [chat] → https://api.trycloudflare.com
  [comfyui] → https://api.trycloudflare.com
  [dashboard] → https://api.trycloudflare.com
  [grafana] → https://cultures-inflation-algebra-plastic.trycloudflare.com
  [obsidian] → https://reef-surname-artificial-transaction.trycloudflare.com
  [ipmi] → https://api.trycloudflare.com
  [atinus] → https://api.trycloudflare.com
✓ 7 URL replacement(s) applied
✓ URLs unchanged — no push needed
[2026-05-24 15:20:35] Links page updated
[2026-05-24 15:20:35] Health check done
[2026-05-24 15:27:03] Health check starting
[2026-05-24 15:27:24] chat STALE — restarting
[2026-05-24 15:27:35] chat → https://api.trycloudflare.com
[2026-05-24 15:27:55] comfyui STALE — restarting
[2026-05-24 15:28:06] comfyui → https://api.trycloudflare.com
[2026-05-24 15:28:26] dashboard STALE — restarting
[2026-05-24 15:28:37] dashboard → https://api.trycloudflare.com
[2026-05-24 15:28:57] ipmi STALE — restarting
[2026-05-24 15:29:08] ipmi → https://api.trycloudflare.com
[2026-05-24 15:29:28] atinus STALE — restarting
[2026-05-24 15:29:39] atinus → https://api.trycloudflare.com
[2026-05-24 15:29:59] grafana STALE — restarting
[2026-05-24 15:30:07] grafana FAILED to get new URL
[2026-05-24 15:30:27] obsidian STALE — restarting
[2026-05-24 15:30:35] obsidian FAILED to get new URL
  [chat] → https://api.trycloudflare.com
  [comfyui] → https://api.trycloudflare.com
  [dashboard] → https://api.trycloudflare.com
  [grafana] → https://cultures-inflation-algebra-plastic.trycloudflare.com
  [obsidian] → https://reef-surname-artificial-transaction.trycloudflare.com
  [ipmi] → https://api.trycloudflare.com
  [atinus] → https://api.trycloudflare.com
✓ 7 URL replacement(s) applied
✓ URLs unchanged — no push needed
[2026-05-24 15:30:35] Links page updated
[2026-05-24 15:30:35] Health check done
[2026-05-24 15:37:04] Health check starting
[2026-05-24 15:37:24] chat STALE — restarting
[2026-05-24 15:37:35] chat → https://api.trycloudflare.com
[2026-05-24 15:37:55] comfyui STALE — restarting
[2026-05-24 15:38:06] comfyui → https://api.trycloudflare.com
[2026-05-24 15:38:26] dashboard STALE — restarting
[2026-05-24 15:38:37] dashboard → https://api.trycloudflare.com
[2026-05-24 15:38:57] ipmi STALE — restarting
[2026-05-24 15:39:08] ipmi → https://api.trycloudflare.com
[2026-05-24 15:39:28] atinus STALE — restarting
[2026-05-24 15:39:39] atinus → https://api.trycloudflare.com
[2026-05-24 15:39:59] grafana STALE — restarting
[2026-05-24 15:40:07] grafana FAILED to get new URL
[2026-05-24 15:40:27] obsidian STALE — restarting
[2026-05-24 15:40:35] obsidian FAILED to get new URL
  [chat] → https://api.trycloudflare.com
  [comfyui] → https://api.trycloudflare.com
  [dashboard] → https://api.trycloudflare.com
  [grafana] → https://cultures-inflation-algebra-plastic.trycloudflare.com
  [obsidian] → https://reef-surname-artificial-transaction.trycloudflare.com
  [ipmi] → https://api.trycloudflare.com
  [atinus] → https://api.trycloudflare.com
✓ 7 URL replacement(s) applied
✓ URLs unchanged — no push needed
[2026-05-24 15:40:35] Links page updated
[2026-05-24 15:40:35] Health check done
[2026-05-24 15:47:04] Health check starting
[2026-05-24 15:47:24] chat STALE — restarting
[2026-05-24 15:47:35] chat → https://api.trycloudflare.com
[2026-05-24 15:47:55] comfyui STALE — restarting
[2026-05-24 15:48:06] comfyui → https://api.trycloudflare.com
[2026-05-24 15:48:26] dashboard STALE — restarting
[2026-05-24 15:48:37] dashboard → https://api.trycloudflare.com
[2026-05-24 15:48:57] ipmi STALE — restarting
[2026-05-24 15:49:08] ipmi → https://api.trycloudflare.com
[2026-05-24 15:49:28] atinus STALE — restarting
[2026-05-24 15:49:39] atinus → https://api.trycloudflare.com
[2026-05-24 15:49:59] grafana STALE — restarting
[2026-05-24 15:50:07] grafana FAILED to get new URL
[2026-05-24 15:50:27] obsidian STALE — restarting
[2026-05-24 15:50:35] obsidian FAILED to get new URL
  [chat] → https://api.trycloudflare.com
  [comfyui] → https://api.trycloudflare.com
  [dashboard] → https://api.trycloudflare.com
  [grafana] → https://cultures-inflation-algebra-plastic.trycloudflare.com
  [obsidian] → https://reef-surname-artificial-transaction.trycloudflare.com
  [ipmi] → https://api.trycloudflare.com
  [atinus] → https://api.trycloudflare.com
✓ 7 URL replacement(s) applied
✓ URLs unchanged — no push needed
[2026-05-24 15:50:35] Links page updated
[2026-05-24 15:50:35] Health check done
[2026-05-24 15:57:18] Health check starting
[2026-05-24 15:57:38] chat STALE — restarting
[2026-05-24 15:57:50] chat → https://api.trycloudflare.com
[2026-05-24 15:58:10] comfyui STALE — restarting
[2026-05-24 15:58:21] comfyui → https://api.trycloudflare.com
[2026-05-24 15:58:41] dashboard STALE — restarting
[2026-05-24 15:58:52] dashboard → https://api.trycloudflare.com
[2026-05-24 15:59:12] ipmi STALE — restarting
[2026-05-24 15:59:23] ipmi → https://api.trycloudflare.com
[2026-05-24 15:59:43] atinus STALE — restarting
[2026-05-24 15:59:54] atinus → https://api.trycloudflare.com
[2026-05-24 16:00:14] grafana STALE — restarting
[2026-05-24 16:00:22] grafana FAILED to get new URL
[2026-05-24 16:00:42] obsidian STALE — restarting
[2026-05-24 16:00:50] obsidian FAILED to get new URL
  [chat] → https://api.trycloudflare.com
  [comfyui] → https://api.trycloudflare.com
  [dashboard] → https://api.trycloudflare.com
  [grafana] → https://cultures-inflation-algebra-plastic.trycloudflare.com
  [obsidian] → https://reef-surname-artificial-transaction.trycloudflare.com
  [ipmi] → https://api.trycloudflare.com
  [atinus] → https://api.trycloudflare.com
✓ 7 URL replacement(s) applied
✓ URLs unchanged — no push needed
[2026-05-24 16:00:50] Links page updated
[2026-05-24 16:00:50] Health check done
[2026-05-24 16:07:18] Health check starting
[2026-05-24 16:07:39] chat STALE — restarting
[2026-05-24 16:07:50] chat → https://api.trycloudflare.com
[2026-05-24 16:08:10] comfyui STALE — restarting
[2026-05-24 16:08:21] comfyui → https://api.trycloudflare.com
[2026-05-24 16:08:41] dashboard STALE — restarting
[2026-05-24 16:08:52] dashboard → https://api.trycloudflare.com
[2026-05-24 16:09:12] ipmi STALE — restarting
[2026-05-24 16:09:23] ipmi → https://api.trycloudflare.com
[2026-05-24 16:09:43] atinus STALE — restarting
[2026-05-24 16:09:54] atinus → https://api.trycloudflare.com
[2026-05-24 16:10:14] grafana STALE — restarting
[2026-05-24 16:10:22] grafana FAILED to get new URL
[2026-05-24 16:10:42] obsidian STALE — restarting
[2026-05-24 16:10:50] obsidian FAILED to get new URL
  [chat] → https://api.trycloudflare.com
  [comfyui] → https://api.trycloudflare.com
  [dashboard] → https://api.trycloudflare.com
  [grafana] → https://cultures-inflation-algebra-plastic.trycloudflare.com
  [obsidian] → https://reef-surname-artificial-transaction.trycloudflare.com
  [ipmi] → https://api.trycloudflare.com
  [atinus] → https://api.trycloudflare.com
✓ 7 URL replacement(s) applied
✓ URLs unchanged — no push needed
[2026-05-24 16:10:50] Links page updated
[2026-05-24 16:10:50] Health check done
[2026-05-24 16:17:18] Health check starting
[2026-05-24 16:17:39] chat STALE — restarting
[2026-05-24 16:17:50] chat → https://api.trycloudflare.com
[2026-05-24 16:18:10] comfyui STALE — restarting
[2026-05-24 16:18:21] comfyui → https://api.trycloudflare.com
[2026-05-24 16:18:41] dashboard STALE — restarting
[2026-05-24 16:18:52] dashboard → https://api.trycloudflare.com
[2026-05-24 16:19:12] ipmi STALE — restarting
[2026-05-24 16:19:23] ipmi → https://api.trycloudflare.com
[2026-05-24 16:19:43] atinus STALE — restarting
[2026-05-24 16:19:54] atinus → https://api.trycloudflare.com
[2026-05-24 16:20:14] grafana STALE — restarting
[2026-05-24 16:20:22] grafana FAILED to get new URL
[2026-05-24 16:20:42] obsidian STALE — restarting
[2026-05-24 16:20:50] obsidian FAILED to get new URL
  [chat] → https://api.trycloudflare.com
  [comfyui] → https://api.trycloudflare.com
  [dashboard] → https://api.trycloudflare.com
  [grafana] → https://cultures-inflation-algebra-plastic.trycloudflare.com
  [obsidian] → https://reef-surname-artificial-transaction.trycloudflare.com
  [ipmi] → https://api.trycloudflare.com
  [atinus] → https://api.trycloudflare.com
✓ 7 URL replacement(s) applied
✓ URLs unchanged — no push needed
[2026-05-24 16:20:50] Links page updated
[2026-05-24 16:20:50] Health check done
[2026-05-24 16:27:33] Health check starting
[2026-05-24 16:27:53] chat STALE — restarting
[2026-05-24 16:28:05] chat → https://api.trycloudflare.com
[2026-05-24 16:28:25] comfyui STALE — restarting
[2026-05-24 16:28:36] comfyui → https://api.trycloudflare.com
[2026-05-24 16:28:56] dashboard STALE — restarting
[2026-05-24 16:29:07] dashboard → https://api.trycloudflare.com
[2026-05-24 16:29:27] ipmi STALE — restarting
[2026-05-24 16:29:38] ipmi → https://api.trycloudflare.com
[2026-05-24 16:29:58] atinus STALE — restarting
[2026-05-24 16:30:09] atinus → https://api.trycloudflare.com
[2026-05-24 16:30:29] grafana STALE — restarting
[2026-05-24 16:30:37] grafana FAILED to get new URL
[2026-05-24 16:30:57] obsidian STALE — restarting
[2026-05-24 16:31:05] obsidian FAILED to get new URL
  [chat] → https://api.trycloudflare.com
  [comfyui] → https://api.trycloudflare.com
  [dashboard] → https://api.trycloudflare.com
  [grafana] → https://cultures-inflation-algebra-plastic.trycloudflare.com
  [obsidian] → https://reef-surname-artificial-transaction.trycloudflare.com
  [ipmi] → https://api.trycloudflare.com
  [atinus] → https://api.trycloudflare.com
✓ 7 URL replacement(s) applied
✓ URLs unchanged — no push needed
[2026-05-24 16:31:05] Links page updated
[2026-05-24 16:31:05] Health check done
[2026-05-24 16:37:33] Health check starting
[2026-05-24 16:37:54] chat STALE — restarting
[2026-05-24 16:38:05] chat → https://api.trycloudflare.com
[2026-05-24 16:38:25] comfyui STALE — restarting
[2026-05-24 16:38:36] comfyui → https://api.trycloudflare.com
[2026-05-24 16:38:56] dashboard STALE — restarting
[2026-05-24 16:39:07] dashboard → https://api.trycloudflare.com
[2026-05-24 16:39:27] ipmi STALE — restarting
[2026-05-24 16:39:38] ipmi → https://api.trycloudflare.com
[2026-05-24 16:39:58] atinus STALE — restarting
[2026-05-24 16:40:09] atinus → https://api.trycloudflare.com
[2026-05-24 16:40:29] grafana STALE — restarting
[2026-05-24 16:40:37] grafana FAILED to get new URL
[2026-05-24 16:40:57] obsidian STALE — restarting
[2026-05-24 16:41:05] obsidian FAILED to get new URL
  [chat] → https://api.trycloudflare.com
  [comfyui] → https://api.trycloudflare.com
  [dashboard] → https://api.trycloudflare.com
  [grafana] → https://cultures-inflation-algebra-plastic.trycloudflare.com
  [obsidian] → https://reef-surname-artificial-transaction.trycloudflare.com
  [ipmi] → https://api.trycloudflare.com
  [atinus] → https://api.trycloudflare.com
✓ 7 URL replacement(s) applied
✓ URLs unchanged — no push needed
[2026-05-24 16:41:05] Links page updated
[2026-05-24 16:41:05] Health check done
[2026-05-24 16:47:33] Health check starting
[2026-05-24 16:47:54] chat STALE — restarting
[2026-05-24 16:48:05] chat → https://api.trycloudflare.com
[2026-05-24 16:48:25] comfyui STALE — restarting
[2026-05-24 16:48:36] comfyui → https://api.trycloudflare.com
[2026-05-24 16:48:56] dashboard STALE — restarting
[2026-05-24 16:49:07] dashboard → https://api.trycloudflare.com
[2026-05-24 16:49:27] ipmi STALE — restarting
[2026-05-24 16:49:38] ipmi → https://api.trycloudflare.com
[2026-05-24 16:49:58] atinus STALE — restarting
[2026-05-24 16:50:09] atinus → https://api.trycloudflare.com
[2026-05-24 16:50:29] grafana STALE — restarting
[2026-05-24 16:50:37] grafana FAILED to get new URL
[2026-05-24 16:50:57] obsidian STALE — restarting
[2026-05-24 16:51:05] obsidian FAILED to get new URL
  [chat] → https://api.trycloudflare.com
  [comfyui] → https://api.trycloudflare.com
  [dashboard] → https://api.trycloudflare.com
  [grafana] → https://cultures-inflation-algebra-plastic.trycloudflare.com
  [obsidian] → https://reef-surname-artificial-transaction.trycloudflare.com
  [ipmi] → https://api.trycloudflare.com
  [atinus] → https://api.trycloudflare.com
✓ 7 URL replacement(s) applied
✓ URLs unchanged — no push needed
[2026-05-24 16:51:05] Links page updated
[2026-05-24 16:51:05] Health check done
[2026-05-24 16:57:48] Health check starting
[2026-05-24 16:58:08] chat STALE — restarting
[2026-05-24 16:58:20] chat → https://api.trycloudflare.com
[2026-05-24 16:58:40] comfyui STALE — restarting
[2026-05-24 16:58:51] comfyui → https://api.trycloudflare.com
[2026-05-24 16:59:11] dashboard STALE — restarting
[2026-05-24 16:59:22] dashboard → https://api.trycloudflare.com
[2026-05-24 16:59:42] ipmi STALE — restarting
[2026-05-24 16:59:53] ipmi → https://api.trycloudflare.com
[2026-05-24 17:00:13] atinus STALE — restarting
[2026-05-24 17:00:24] atinus → https://api.trycloudflare.com
[2026-05-24 17:00:44] grafana STALE — restarting
[2026-05-24 17:00:52] grafana FAILED to get new URL
[2026-05-24 17:01:12] obsidian STALE — restarting
[2026-05-24 17:01:20] obsidian FAILED to get new URL
  [chat] → https://api.trycloudflare.com
  [comfyui] → https://api.trycloudflare.com
  [dashboard] → https://api.trycloudflare.com
  [grafana] → https://cultures-inflation-algebra-plastic.trycloudflare.com
  [obsidian] → https://reef-surname-artificial-transaction.trycloudflare.com
  [ipmi] → https://api.trycloudflare.com
  [atinus] → https://api.trycloudflare.com
✓ 7 URL replacement(s) applied
✓ URLs unchanged — no push needed
[2026-05-24 17:01:20] Links page updated
[2026-05-24 17:01:20] Health check done
[2026-05-24 17:07:48] Health check starting
[2026-05-24 17:08:09] chat STALE — restarting
[2026-05-24 17:08:20] chat → https://api.trycloudflare.com
[2026-05-24 17:08:40] comfyui STALE — restarting
[2026-05-24 17:08:51] comfyui → https://api.trycloudflare.com
[2026-05-24 17:09:11] dashboard STALE — restarting
[2026-05-24 17:09:22] dashboard → https://api.trycloudflare.com
[2026-05-24 17:09:42] ipmi STALE — restarting
[2026-05-24 17:09:53] ipmi → https://api.trycloudflare.com
[2026-05-24 17:10:13] atinus STALE — restarting
[2026-05-24 17:10:24] atinus → https://api.trycloudflare.com
[2026-05-24 17:10:44] grafana STALE — restarting
[2026-05-24 17:10:52] grafana FAILED to get new URL
[2026-05-24 17:11:12] obsidian STALE — restarting
[2026-05-24 17:11:20] obsidian FAILED to get new URL
  [chat] → https://api.trycloudflare.com
  [comfyui] → https://api.trycloudflare.com
  [dashboard] → https://api.trycloudflare.com
  [grafana] → https://cultures-inflation-algebra-plastic.trycloudflare.com
  [obsidian] → https://reef-surname-artificial-transaction.trycloudflare.com
  [ipmi] → https://api.trycloudflare.com
  [atinus] → https://api.trycloudflare.com
✓ 7 URL replacement(s) applied
✓ URLs unchanged — no push needed
[2026-05-24 17:11:20] Links page updated
[2026-05-24 17:11:20] Health check done
[2026-05-24 17:17:48] Health check starting
[2026-05-24 17:18:09] chat STALE — restarting
[2026-05-24 17:18:20] chat → https://api.trycloudflare.com
[2026-05-24 17:18:40] comfyui STALE — restarting
[2026-05-24 17:18:51] comfyui → https://api.trycloudflare.com
[2026-05-24 17:19:11] dashboard STALE — restarting
[2026-05-24 17:19:22] dashboard → https://api.trycloudflare.com
[2026-05-24 17:19:42] ipmi STALE — restarting
[2026-05-24 17:19:53] ipmi → https://api.trycloudflare.com
[2026-05-24 17:20:13] atinus STALE — restarting
[2026-05-24 17:20:24] atinus → https://api.trycloudflare.com
[2026-05-24 17:20:44] grafana STALE — restarting
[2026-05-24 17:20:52] grafana FAILED to get new URL
[2026-05-24 17:21:12] obsidian STALE — restarting
[2026-05-24 17:21:20] obsidian FAILED to get new URL
  [chat] → https://api.trycloudflare.com
  [comfyui] → https://api.trycloudflare.com
  [dashboard] → https://api.trycloudflare.com
  [grafana] → https://cultures-inflation-algebra-plastic.trycloudflare.com
  [obsidian] → https://reef-surname-artificial-transaction.trycloudflare.com
  [ipmi] → https://api.trycloudflare.com
  [atinus] → https://api.trycloudflare.com
✓ 7 URL replacement(s) applied
✓ URLs unchanged — no push needed
[2026-05-24 17:21:20] Links page updated
[2026-05-24 17:21:20] Health check done
[2026-05-24 17:27:49] Health check starting
[2026-05-24 17:28:09] chat STALE — restarting
[2026-05-24 17:28:20] chat → https://api.trycloudflare.com
[2026-05-24 17:28:40] comfyui STALE — restarting
[2026-05-24 17:28:51] comfyui → https://api.trycloudflare.com
[2026-05-24 17:29:11] dashboard STALE — restarting
[2026-05-24 17:29:22] dashboard → https://api.trycloudflare.com
[2026-05-24 17:29:42] ipmi STALE — restarting
[2026-05-24 17:29:53] ipmi → https://api.trycloudflare.com
[2026-05-24 17:30:13] atinus STALE — restarting
[2026-05-24 17:30:24] atinus → https://api.trycloudflare.com
[2026-05-24 17:30:44] grafana STALE — restarting
[2026-05-24 17:30:52] grafana FAILED to get new URL
[2026-05-24 17:31:12] obsidian STALE — restarting
[2026-05-24 17:31:20] obsidian FAILED to get new URL
  [chat] → https://api.trycloudflare.com
  [comfyui] → https://api.trycloudflare.com
  [dashboard] → https://api.trycloudflare.com
  [grafana] → https://cultures-inflation-algebra-plastic.trycloudflare.com
  [obsidian] → https://reef-surname-artificial-transaction.trycloudflare.com
  [ipmi] → https://api.trycloudflare.com
  [atinus] → https://api.trycloudflare.com
✓ 7 URL replacement(s) applied
✓ URLs unchanged — no push needed
[2026-05-24 17:31:20] Links page updated
[2026-05-24 17:31:20] Health check done
[2026-05-24 17:37:49] Health check starting
[2026-05-24 17:38:10] chat STALE — restarting
[2026-05-24 17:38:21] chat → https://api.trycloudflare.com
[2026-05-24 17:38:41] comfyui STALE — restarting
[2026-05-24 17:38:52] comfyui → https://api.trycloudflare.com
[2026-05-24 17:39:12] dashboard STALE — restarting
[2026-05-24 17:39:23] dashboard → https://api.trycloudflare.com
[2026-05-24 17:39:43] ipmi STALE — restarting
[2026-05-24 17:39:54] ipmi → https://api.trycloudflare.com
[2026-05-24 17:40:14] atinus STALE — restarting
[2026-05-24 17:40:25] atinus → https://api.trycloudflare.com
[2026-05-24 17:40:45] grafana STALE — restarting
[2026-05-24 17:40:53] grafana FAILED to get new URL
[2026-05-24 17:41:13] obsidian STALE — restarting
[2026-05-24 17:41:21] obsidian FAILED to get new URL
  [chat] → https://api.trycloudflare.com
  [comfyui] → https://api.trycloudflare.com
  [dashboard] → https://api.trycloudflare.com
  [grafana] → https://cultures-inflation-algebra-plastic.trycloudflare.com
  [obsidian] → https://reef-surname-artificial-transaction.trycloudflare.com
  [ipmi] → https://api.trycloudflare.com
  [atinus] → https://api.trycloudflare.com
✓ 7 URL replacement(s) applied
✓ URLs unchanged — no push needed
[2026-05-24 17:41:21] Links page updated
[2026-05-24 17:41:21] Health check done
[2026-05-24 17:47:55] Health check starting
[2026-05-24 17:48:15] chat STALE — restarting
[2026-05-24 17:48:26] chat → https://api.trycloudflare.com
[2026-05-24 17:48:46] comfyui STALE — restarting
[2026-05-24 17:48:57] comfyui → https://api.trycloudflare.com
[2026-05-24 17:49:17] dashboard STALE — restarting
[2026-05-24 17:49:28] dashboard → https://api.trycloudflare.com
[2026-05-24 17:49:48] ipmi STALE — restarting
[2026-05-24 17:49:59] ipmi → https://api.trycloudflare.com
[2026-05-24 17:50:19] atinus STALE — restarting
[2026-05-24 17:50:30] atinus → https://api.trycloudflare.com
[2026-05-24 17:50:50] grafana STALE — restarting
[2026-05-24 17:50:58] grafana FAILED to get new URL
[2026-05-24 17:51:18] obsidian STALE — restarting
[2026-05-24 17:51:27] obsidian FAILED to get new URL
  [chat] → https://api.trycloudflare.com
  [comfyui] → https://api.trycloudflare.com
  [dashboard] → https://api.trycloudflare.com
  [grafana] → https://cultures-inflation-algebra-plastic.trycloudflare.com
  [obsidian] → https://reef-surname-artificial-transaction.trycloudflare.com
  [ipmi] → https://api.trycloudflare.com
  [atinus] → https://api.trycloudflare.com
✓ 7 URL replacement(s) applied
✓ URLs unchanged — no push needed
[2026-05-24 17:51:27] Links page updated
[2026-05-24 17:51:27] Health check done
[2026-05-24 17:58:03] Health check starting
[2026-05-24 17:58:23] chat STALE — restarting
[2026-05-24 17:58:35] chat → https://api.trycloudflare.com
[2026-05-24 17:58:55] comfyui STALE — restarting
[2026-05-24 17:59:06] comfyui → https://api.trycloudflare.com
[2026-05-24 17:59:26] dashboard STALE — restarting
[2026-05-24 17:59:37] dashboard → https://api.trycloudflare.com
[2026-05-24 17:59:57] ipmi STALE — restarting
[2026-05-24 18:00:08] ipmi → https://api.trycloudflare.com
[2026-05-24 18:00:28] atinus STALE — restarting
[2026-05-24 18:00:39] atinus → https://api.trycloudflare.com
[2026-05-24 18:00:59] grafana STALE — restarting
[2026-05-24 18:01:07] grafana FAILED to get new URL
[2026-05-24 18:01:27] obsidian STALE — restarting
[2026-05-24 18:01:35] obsidian FAILED to get new URL
  [chat] → https://api.trycloudflare.com
  [comfyui] → https://api.trycloudflare.com
  [dashboard] → https://api.trycloudflare.com
  [grafana] → https://cultures-inflation-algebra-plastic.trycloudflare.com
  [obsidian] → https://reef-surname-artificial-transaction.trycloudflare.com
  [ipmi] → https://api.trycloudflare.com
  [atinus] → https://api.trycloudflare.com
✓ 7 URL replacement(s) applied
✓ URLs unchanged — no push needed
[2026-05-24 18:01:35] Links page updated
[2026-05-24 18:01:35] Health check done
[2026-05-24 18:08:03] Health check starting
[2026-05-24 18:08:24] chat STALE — restarting
[2026-05-24 18:08:35] chat → https://api.trycloudflare.com
[2026-05-24 18:08:55] comfyui STALE — restarting
[2026-05-24 18:09:06] comfyui → https://api.trycloudflare.com
[2026-05-24 18:09:26] dashboard STALE — restarting
[2026-05-24 18:09:37] dashboard → https://api.trycloudflare.com
[2026-05-24 18:09:57] ipmi STALE — restarting
[2026-05-24 18:10:08] ipmi → https://api.trycloudflare.com
[2026-05-24 18:10:28] atinus STALE — restarting
[2026-05-24 18:10:39] atinus → https://api.trycloudflare.com
[2026-05-24 18:10:59] grafana STALE — restarting
[2026-05-24 18:11:07] grafana FAILED to get new URL
[2026-05-24 18:11:27] obsidian STALE — restarting
[2026-05-24 18:11:35] obsidian FAILED to get new URL
  [chat] → https://api.trycloudflare.com
  [comfyui] → https://api.trycloudflare.com
  [dashboard] → https://api.trycloudflare.com
  [grafana] → https://cultures-inflation-algebra-plastic.trycloudflare.com
  [obsidian] → https://reef-surname-artificial-transaction.trycloudflare.com
  [ipmi] → https://api.trycloudflare.com
  [atinus] → https://api.trycloudflare.com
✓ 7 URL replacement(s) applied
✓ URLs unchanged — no push needed
[2026-05-24 18:11:35] Links page updated
[2026-05-24 18:11:35] Health check done
[2026-05-24 18:18:03] Health check starting
[2026-05-24 18:18:24] chat STALE — restarting
[2026-05-24 18:18:35] chat → https://api.trycloudflare.com
[2026-05-24 18:18:55] comfyui STALE — restarting
[2026-05-24 18:19:06] comfyui → https://api.trycloudflare.com
[2026-05-24 18:19:26] dashboard STALE — restarting
[2026-05-24 18:19:37] dashboard → https://api.trycloudflare.com
[2026-05-24 18:19:57] ipmi STALE — restarting
[2026-05-24 18:20:08] ipmi → https://api.trycloudflare.com
[2026-05-24 18:20:28] atinus STALE — restarting
[2026-05-24 18:20:39] atinus → https://api.trycloudflare.com
[2026-05-24 18:20:59] grafana STALE — restarting
[2026-05-24 18:21:07] grafana FAILED to get new URL
[2026-05-24 18:21:27] obsidian STALE — restarting
[2026-05-24 18:21:35] obsidian FAILED to get new URL
  [chat] → https://api.trycloudflare.com
  [comfyui] → https://api.trycloudflare.com
  [dashboard] → https://api.trycloudflare.com
  [grafana] → https://cultures-inflation-algebra-plastic.trycloudflare.com
  [obsidian] → https://reef-surname-artificial-transaction.trycloudflare.com
  [ipmi] → https://api.trycloudflare.com
  [atinus] → https://api.trycloudflare.com
✓ 7 URL replacement(s) applied
✓ URLs unchanged — no push needed
[2026-05-24 18:21:35] Links page updated
[2026-05-24 18:21:35] Health check done
[2026-05-24 18:28:04] Health check starting
[2026-05-24 18:28:24] chat STALE — restarting
[2026-05-24 18:28:35] chat → https://api.trycloudflare.com
[2026-05-24 18:28:55] comfyui STALE — restarting
[2026-05-24 18:29:06] comfyui → https://api.trycloudflare.com
[2026-05-24 18:29:26] dashboard STALE — restarting
[2026-05-24 18:29:37] dashboard → https://api.trycloudflare.com
[2026-05-24 18:29:57] ipmi STALE — restarting
[2026-05-24 18:30:08] ipmi → https://api.trycloudflare.com
[2026-05-24 18:30:28] atinus STALE — restarting
[2026-05-24 18:30:39] atinus → https://api.trycloudflare.com
[2026-05-24 18:30:59] grafana STALE — restarting
[2026-05-24 18:31:07] grafana FAILED to get new URL
[2026-05-24 18:31:27] obsidian STALE — restarting
[2026-05-24 18:31:35] obsidian FAILED to get new URL
  [chat] → https://api.trycloudflare.com
  [comfyui] → https://api.trycloudflare.com
  [dashboard] → https://api.trycloudflare.com
  [grafana] → https://cultures-inflation-algebra-plastic.trycloudflare.com
  [obsidian] → https://reef-surname-artificial-transaction.trycloudflare.com
  [ipmi] → https://api.trycloudflare.com
  [atinus] → https://api.trycloudflare.com
✓ 7 URL replacement(s) applied
✓ URLs unchanged — no push needed
[2026-05-24 18:31:35] Links page updated
[2026-05-24 18:31:35] Health check done
[2026-05-24 18:38:18] Health check starting
[2026-05-24 18:38:39] chat STALE — restarting
[2026-05-24 18:38:50] chat → https://api.trycloudflare.com
[2026-05-24 18:39:10] comfyui STALE — restarting
[2026-05-24 18:39:21] comfyui → https://api.trycloudflare.com
[2026-05-24 18:39:41] dashboard STALE — restarting
[2026-05-24 18:39:52] dashboard → https://api.trycloudflare.com
[2026-05-24 18:40:12] ipmi STALE — restarting
[2026-05-24 18:40:23] ipmi → https://api.trycloudflare.com
[2026-05-24 18:40:43] atinus STALE — restarting
[2026-05-24 18:40:54] atinus → https://api.trycloudflare.com
[2026-05-24 18:41:14] grafana STALE — restarting
[2026-05-24 18:41:22] grafana FAILED to get new URL
[2026-05-24 18:41:42] obsidian STALE — restarting
[2026-05-24 18:41:50] obsidian FAILED to get new URL
  [chat] → https://api.trycloudflare.com
  [comfyui] → https://api.trycloudflare.com
  [dashboard] → https://api.trycloudflare.com
  [grafana] → https://cultures-inflation-algebra-plastic.trycloudflare.com
  [obsidian] → https://reef-surname-artificial-transaction.trycloudflare.com
  [ipmi] → https://api.trycloudflare.com
  [atinus] → https://api.trycloudflare.com
✓ 7 URL replacement(s) applied
✓ URLs unchanged — no push needed
[2026-05-24 18:41:50] Links page updated
[2026-05-24 18:41:50] Health check done
[2026-05-24 18:48:18] Health check starting
[2026-05-24 18:48:39] chat STALE — restarting
[2026-05-24 18:48:50] chat → https://api.trycloudflare.com
[2026-05-24 18:49:10] comfyui STALE — restarting
[2026-05-24 18:49:21] comfyui → https://api.trycloudflare.com
[2026-05-24 18:49:41] dashboard STALE — restarting
[2026-05-24 18:49:52] dashboard → https://api.trycloudflare.com
[2026-05-24 18:50:12] ipmi STALE — restarting
[2026-05-24 18:50:23] ipmi → https://api.trycloudflare.com
[2026-05-24 18:50:43] atinus STALE — restarting
[2026-05-24 18:50:54] atinus → https://api.trycloudflare.com
[2026-05-24 18:51:14] grafana STALE — restarting
[2026-05-24 18:51:22] grafana FAILED to get new URL
[2026-05-24 18:51:42] obsidian STALE — restarting
[2026-05-24 18:51:50] obsidian FAILED to get new URL
  [chat] → https://api.trycloudflare.com
  [comfyui] → https://api.trycloudflare.com
  [dashboard] → https://api.trycloudflare.com
  [grafana] → https://cultures-inflation-algebra-plastic.trycloudflare.com
  [obsidian] → https://reef-surname-artificial-transaction.trycloudflare.com
  [ipmi] → https://api.trycloudflare.com
  [atinus] → https://api.trycloudflare.com
✓ 7 URL replacement(s) applied
✓ URLs unchanged — no push needed
[2026-05-24 18:51:50] Links page updated
[2026-05-24 18:51:50] Health check done
[2026-05-24 18:58:19] Health check starting
[2026-05-24 18:58:39] chat STALE — restarting
[2026-05-24 18:58:50] chat → https://api.trycloudflare.com
[2026-05-24 18:59:10] comfyui STALE — restarting
[2026-05-24 18:59:21] comfyui → https://api.trycloudflare.com
[2026-05-24 18:59:41] dashboard STALE — restarting
[2026-05-24 18:59:52] dashboard → https://api.trycloudflare.com
[2026-05-24 19:00:12] ipmi STALE — restarting
[2026-05-24 19:00:23] ipmi → https://api.trycloudflare.com
[2026-05-24 19:00:43] atinus STALE — restarting
[2026-05-24 19:00:54] atinus → https://api.trycloudflare.com
[2026-05-24 19:01:14] grafana STALE — restarting
[2026-05-24 19:01:22] grafana FAILED to get new URL
[2026-05-24 19:01:42] obsidian STALE — restarting
[2026-05-24 19:01:50] obsidian FAILED to get new URL
  [chat] → https://api.trycloudflare.com
  [comfyui] → https://api.trycloudflare.com
  [dashboard] → https://api.trycloudflare.com
  [grafana] → https://cultures-inflation-algebra-plastic.trycloudflare.com
  [obsidian] → https://reef-surname-artificial-transaction.trycloudflare.com
  [ipmi] → https://api.trycloudflare.com
  [atinus] → https://api.trycloudflare.com
✓ 7 URL replacement(s) applied
✓ URLs unchanged — no push needed
[2026-05-24 19:01:50] Links page updated
[2026-05-24 19:01:50] Health check done
[2026-05-24 19:08:33] Health check starting
[2026-05-24 19:08:54] chat STALE — restarting
[2026-05-24 19:09:05] chat → https://api.trycloudflare.com
[2026-05-24 19:09:25] comfyui STALE — restarting
[2026-05-24 19:09:36] comfyui → https://api.trycloudflare.com
[2026-05-24 19:09:56] dashboard STALE — restarting
[2026-05-24 19:10:07] dashboard → https://api.trycloudflare.com
[2026-05-24 19:10:27] ipmi STALE — restarting
[2026-05-24 19:10:38] ipmi → https://api.trycloudflare.com
[2026-05-24 19:10:58] atinus STALE — restarting
[2026-05-24 19:11:09] atinus → https://api.trycloudflare.com
[2026-05-24 19:11:29] grafana STALE — restarting
[2026-05-24 19:11:37] grafana FAILED to get new URL
[2026-05-24 19:11:57] obsidian STALE — restarting
[2026-05-24 19:12:05] obsidian FAILED to get new URL
  [chat] → https://api.trycloudflare.com
  [comfyui] → https://api.trycloudflare.com
  [dashboard] → https://api.trycloudflare.com
  [grafana] → https://cultures-inflation-algebra-plastic.trycloudflare.com
  [obsidian] → https://reef-surname-artificial-transaction.trycloudflare.com
  [ipmi] → https://api.trycloudflare.com
  [atinus] → https://api.trycloudflare.com
✓ 7 URL replacement(s) applied
✓ URLs unchanged — no push needed
[2026-05-24 19:12:05] Links page updated
[2026-05-24 19:12:05] Health check done
[2026-05-24 19:18:33] Health check starting
[2026-05-24 19:18:54] chat STALE — restarting
[2026-05-24 19:19:05] chat → https://api.trycloudflare.com
[2026-05-24 19:19:25] comfyui STALE — restarting
[2026-05-24 19:19:36] comfyui → https://api.trycloudflare.com
[2026-05-24 19:19:56] dashboard STALE — restarting
[2026-05-24 19:20:07] dashboard → https://api.trycloudflare.com
[2026-05-24 19:20:27] ipmi STALE — restarting
[2026-05-24 19:20:38] ipmi → https://api.trycloudflare.com
[2026-05-24 19:20:58] atinus STALE — restarting
[2026-05-24 19:21:09] atinus → https://api.trycloudflare.com
[2026-05-24 19:21:29] grafana STALE — restarting
[2026-05-24 19:21:37] grafana FAILED to get new URL
[2026-05-24 19:21:57] obsidian STALE — restarting
[2026-05-24 19:22:05] obsidian FAILED to get new URL
  [chat] → https://api.trycloudflare.com
  [comfyui] → https://api.trycloudflare.com
  [dashboard] → https://api.trycloudflare.com
  [grafana] → https://cultures-inflation-algebra-plastic.trycloudflare.com
  [obsidian] → https://reef-surname-artificial-transaction.trycloudflare.com
  [ipmi] → https://api.trycloudflare.com
  [atinus] → https://api.trycloudflare.com
✓ 7 URL replacement(s) applied
✓ URLs unchanged — no push needed
[2026-05-24 19:22:05] Links page updated
[2026-05-24 19:22:05] Health check done
[2026-05-24 19:28:34] Health check starting
[2026-05-24 19:28:54] chat STALE — restarting
[2026-05-24 19:29:05] chat → https://api.trycloudflare.com
[2026-05-24 19:29:25] comfyui STALE — restarting
[2026-05-24 19:29:36] comfyui → https://api.trycloudflare.com
[2026-05-24 19:29:56] dashboard STALE — restarting
[2026-05-24 19:30:07] dashboard → https://api.trycloudflare.com
[2026-05-24 19:30:27] ipmi STALE — restarting
[2026-05-24 19:30:38] ipmi → https://api.trycloudflare.com
[2026-05-24 19:30:58] atinus STALE — restarting
[2026-05-24 19:31:09] atinus → https://api.trycloudflare.com
[2026-05-24 19:31:29] grafana STALE — restarting
[2026-05-24 19:31:37] grafana FAILED to get new URL
[2026-05-24 19:31:57] obsidian STALE — restarting
[2026-05-24 19:32:05] obsidian FAILED to get new URL
  [chat] → https://api.trycloudflare.com
  [comfyui] → https://api.trycloudflare.com
  [dashboard] → https://api.trycloudflare.com
  [grafana] → https://cultures-inflation-algebra-plastic.trycloudflare.com
  [obsidian] → https://reef-surname-artificial-transaction.trycloudflare.com
  [ipmi] → https://api.trycloudflare.com
  [atinus] → https://api.trycloudflare.com
✓ 7 URL replacement(s) applied
✓ URLs unchanged — no push needed
[2026-05-24 19:32:05] Links page updated
[2026-05-24 19:32:05] Health check done
[2026-05-24 19:38:41] Health check starting
[2026-05-24 19:39:01] chat STALE — restarting
[2026-05-24 19:39:12] chat → https://api.trycloudflare.com
[2026-05-24 19:39:32] comfyui STALE — restarting
[2026-05-24 19:39:43] comfyui → https://api.trycloudflare.com
[2026-05-24 19:40:03] dashboard STALE — restarting
[2026-05-24 19:40:14] dashboard → https://api.trycloudflare.com
[2026-05-24 19:40:34] ipmi STALE — restarting
[2026-05-24 19:40:45] ipmi → https://api.trycloudflare.com
[2026-05-24 19:41:05] atinus STALE — restarting
[2026-05-24 19:41:16] atinus → https://api.trycloudflare.com
[2026-05-24 19:41:37] grafana STALE — restarting
[2026-05-24 19:41:45] grafana FAILED to get new URL
[2026-05-24 19:42:05] obsidian STALE — restarting
[2026-05-24 19:42:13] obsidian FAILED to get new URL
  [chat] → https://api.trycloudflare.com
  [comfyui] → https://api.trycloudflare.com
  [dashboard] → https://api.trycloudflare.com
  [grafana] → https://cultures-inflation-algebra-plastic.trycloudflare.com
  [obsidian] → https://reef-surname-artificial-transaction.trycloudflare.com
  [ipmi] → https://api.trycloudflare.com
  [atinus] → https://api.trycloudflare.com
✓ 7 URL replacement(s) applied
✓ URLs unchanged — no push needed
[2026-05-24 19:42:13] Links page updated
[2026-05-24 19:42:13] Health check done
[2026-05-24 19:48:48] Health check starting
[2026-05-24 19:49:08] chat STALE — restarting
[2026-05-24 19:49:20] chat → https://api.trycloudflare.com
[2026-05-24 19:49:40] comfyui STALE — restarting
[2026-05-24 19:49:51] comfyui → https://api.trycloudflare.com
[2026-05-24 19:50:11] dashboard STALE — restarting
[2026-05-24 19:50:22] dashboard → https://api.trycloudflare.com
[2026-05-24 19:50:42] ipmi STALE — restarting
[2026-05-24 19:50:53] ipmi → https://api.trycloudflare.com
[2026-05-24 19:51:13] atinus STALE — restarting
[2026-05-24 19:51:24] atinus → https://api.trycloudflare.com
[2026-05-24 19:51:44] grafana STALE — restarting
[2026-05-24 19:51:52] grafana FAILED to get new URL
[2026-05-24 19:52:12] obsidian STALE — restarting
[2026-05-24 19:52:20] obsidian FAILED to get new URL
  [chat] → https://api.trycloudflare.com
  [comfyui] → https://api.trycloudflare.com
  [dashboard] → https://api.trycloudflare.com
  [grafana] → https://cultures-inflation-algebra-plastic.trycloudflare.com
  [obsidian] → https://reef-surname-artificial-transaction.trycloudflare.com
  [ipmi] → https://api.trycloudflare.com
  [atinus] → https://api.trycloudflare.com
✓ 7 URL replacement(s) applied
✓ URLs unchanged — no push needed
[2026-05-24 19:52:20] Links page updated
[2026-05-24 19:52:20] Health check done
[2026-05-24 19:58:48] Health check starting
[2026-05-24 19:59:09] chat STALE — restarting
[2026-05-24 19:59:20] chat → https://api.trycloudflare.com
[2026-05-24 19:59:40] comfyui STALE — restarting
[2026-05-24 19:59:51] comfyui → https://api.trycloudflare.com
[2026-05-24 20:00:11] dashboard STALE — restarting
[2026-05-24 20:00:22] dashboard → https://api.trycloudflare.com
[2026-05-24 20:00:42] ipmi STALE — restarting
[2026-05-24 20:00:53] ipmi → https://api.trycloudflare.com
[2026-05-24 20:01:13] atinus STALE — restarting
[2026-05-24 20:01:24] atinus → https://api.trycloudflare.com
[2026-05-24 20:01:44] grafana STALE — restarting
[2026-05-24 20:01:52] grafana FAILED to get new URL
[2026-05-24 20:02:12] obsidian STALE — restarting
[2026-05-24 20:02:20] obsidian FAILED to get new URL
  [chat] → https://api.trycloudflare.com
  [comfyui] → https://api.trycloudflare.com
  [dashboard] → https://api.trycloudflare.com
  [grafana] → https://cultures-inflation-algebra-plastic.trycloudflare.com
  [obsidian] → https://reef-surname-artificial-transaction.trycloudflare.com
  [ipmi] → https://api.trycloudflare.com
  [atinus] → https://api.trycloudflare.com
✓ 7 URL replacement(s) applied
✓ URLs unchanged — no push needed
[2026-05-24 20:02:20] Links page updated
[2026-05-24 20:02:20] Health check done
[2026-05-24 20:08:48] Health check starting
[2026-05-24 20:09:09] chat STALE — restarting
[2026-05-24 20:09:20] chat → https://api.trycloudflare.com
[2026-05-24 20:09:40] comfyui STALE — restarting
[2026-05-24 20:09:51] comfyui → https://api.trycloudflare.com
[2026-05-24 20:10:11] dashboard STALE — restarting
[2026-05-24 20:10:22] dashboard → https://api.trycloudflare.com
[2026-05-24 20:10:42] ipmi STALE — restarting
[2026-05-24 20:10:53] ipmi → https://api.trycloudflare.com
[2026-05-24 20:11:13] atinus STALE — restarting
[2026-05-24 20:11:24] atinus → https://api.trycloudflare.com
[2026-05-24 20:11:44] grafana STALE — restarting
[2026-05-24 20:11:52] grafana FAILED to get new URL
[2026-05-24 20:12:12] obsidian STALE — restarting
[2026-05-24 20:12:20] obsidian FAILED to get new URL
  [chat] → https://api.trycloudflare.com
  [comfyui] → https://api.trycloudflare.com
  [dashboard] → https://api.trycloudflare.com
  [grafana] → https://cultures-inflation-algebra-plastic.trycloudflare.com
  [obsidian] → https://reef-surname-artificial-transaction.trycloudflare.com
  [ipmi] → https://api.trycloudflare.com
  [atinus] → https://api.trycloudflare.com
✓ 7 URL replacement(s) applied
✓ URLs unchanged — no push needed
[2026-05-24 20:12:20] Links page updated
[2026-05-24 20:12:20] Health check done
[2026-05-24 20:18:49] Health check starting
[2026-05-24 20:19:09] chat STALE — restarting
[2026-05-24 20:19:20] chat → https://api.trycloudflare.com
[2026-05-24 20:19:40] comfyui STALE — restarting
[2026-05-24 20:19:51] comfyui → https://api.trycloudflare.com
[2026-05-24 20:20:11] dashboard STALE — restarting
[2026-05-24 20:20:22] dashboard → https://api.trycloudflare.com
[2026-05-24 20:20:42] ipmi STALE — restarting
[2026-05-24 20:20:53] ipmi → https://api.trycloudflare.com
[2026-05-24 20:21:13] atinus STALE — restarting
[2026-05-24 20:21:24] atinus → https://api.trycloudflare.com
[2026-05-24 20:21:44] grafana STALE — restarting
[2026-05-24 20:21:52] grafana FAILED to get new URL
[2026-05-24 20:22:12] obsidian STALE — restarting
[2026-05-24 20:22:20] obsidian FAILED to get new URL
  [chat] → https://api.trycloudflare.com
  [comfyui] → https://api.trycloudflare.com
  [dashboard] → https://api.trycloudflare.com
  [grafana] → https://cultures-inflation-algebra-plastic.trycloudflare.com
  [obsidian] → https://reef-surname-artificial-transaction.trycloudflare.com
  [ipmi] → https://api.trycloudflare.com
  [atinus] → https://api.trycloudflare.com
✓ 7 URL replacement(s) applied
✓ URLs unchanged — no push needed
[2026-05-24 20:22:20] Links page updated
[2026-05-24 20:22:20] Health check done
[2026-05-24 20:28:55] Health check starting
[2026-05-24 20:29:15] chat STALE — restarting
[2026-05-24 20:29:26] chat → https://api.trycloudflare.com
[2026-05-24 20:29:46] comfyui STALE — restarting
[2026-05-24 20:29:57] comfyui → https://api.trycloudflare.com
[2026-05-24 20:30:17] dashboard STALE — restarting
[2026-05-24 20:30:28] dashboard → https://api.trycloudflare.com
[2026-05-24 20:30:48] ipmi STALE — restarting
[2026-05-24 20:30:59] ipmi → https://api.trycloudflare.com
[2026-05-24 20:31:19] atinus STALE — restarting
[2026-05-24 20:31:30] atinus → https://api.trycloudflare.com
[2026-05-24 20:31:50] grafana STALE — restarting
[2026-05-24 20:31:58] grafana FAILED to get new URL
[2026-05-24 20:32:18] obsidian STALE — restarting
[2026-05-24 20:32:27] obsidian FAILED to get new URL
  [chat] → https://api.trycloudflare.com
  [comfyui] → https://api.trycloudflare.com
  [dashboard] → https://api.trycloudflare.com
  [grafana] → https://cultures-inflation-algebra-plastic.trycloudflare.com
  [obsidian] → https://reef-surname-artificial-transaction.trycloudflare.com
  [ipmi] → https://api.trycloudflare.com
  [atinus] → https://api.trycloudflare.com
✓ 7 URL replacement(s) applied
✓ URLs unchanged — no push needed
[2026-05-24 20:32:27] Links page updated
[2026-05-24 20:32:27] Health check done
[2026-05-24 20:39:02] Health check starting
[2026-05-24 20:39:22] chat STALE — restarting
[2026-05-24 20:39:33] chat → https://api.trycloudflare.com
[2026-05-24 20:39:53] comfyui STALE — restarting
[2026-05-24 20:40:04] comfyui → https://api.trycloudflare.com
[2026-05-24 20:40:24] dashboard STALE — restarting
[2026-05-24 20:40:35] dashboard → https://api.trycloudflare.com
[2026-05-24 20:40:55] ipmi STALE — restarting
[2026-05-24 20:41:07] ipmi → https://api.trycloudflare.com
[2026-05-24 20:41:27] atinus STALE — restarting
[2026-05-24 20:41:38] atinus → https://api.trycloudflare.com
[2026-05-24 20:41:58] grafana STALE — restarting
[2026-05-24 20:42:06] grafana FAILED to get new URL
[2026-05-24 20:42:26] obsidian STALE — restarting
[2026-05-24 20:42:34] obsidian FAILED to get new URL
  [chat] → https://api.trycloudflare.com
  [comfyui] → https://api.trycloudflare.com
  [dashboard] → https://api.trycloudflare.com
  [grafana] → https://cultures-inflation-algebra-plastic.trycloudflare.com
  [obsidian] → https://reef-surname-artificial-transaction.trycloudflare.com
  [ipmi] → https://api.trycloudflare.com
  [atinus] → https://api.trycloudflare.com
✓ 7 URL replacement(s) applied
✓ URLs unchanged — no push needed
[2026-05-24 20:42:34] Links page updated
[2026-05-24 20:42:34] Health check done
[2026-05-24 20:49:03] Health check starting
[2026-05-24 20:49:23] chat STALE — restarting
[2026-05-24 20:49:34] chat → https://api.trycloudflare.com
[2026-05-24 20:49:54] comfyui STALE — restarting
[2026-05-24 20:50:05] comfyui → https://api.trycloudflare.com
[2026-05-24 20:50:25] dashboard STALE — restarting
[2026-05-24 20:50:36] dashboard → https://api.trycloudflare.com
[2026-05-24 20:50:56] ipmi STALE — restarting
[2026-05-24 20:51:07] ipmi → https://api.trycloudflare.com
[2026-05-24 20:51:27] atinus STALE — restarting
[2026-05-24 20:51:38] atinus → https://api.trycloudflare.com
[2026-05-24 20:51:58] grafana STALE — restarting
[2026-05-24 20:52:06] grafana FAILED to get new URL
[2026-05-24 20:52:26] obsidian STALE — restarting
[2026-05-24 20:52:34] obsidian FAILED to get new URL
  [chat] → https://api.trycloudflare.com
  [comfyui] → https://api.trycloudflare.com
  [dashboard] → https://api.trycloudflare.com
  [grafana] → https://cultures-inflation-algebra-plastic.trycloudflare.com
  [obsidian] → https://reef-surname-artificial-transaction.trycloudflare.com
  [ipmi] → https://api.trycloudflare.com
  [atinus] → https://api.trycloudflare.com
✓ 7 URL replacement(s) applied
✓ URLs unchanged — no push needed
[2026-05-24 20:52:34] Links page updated
[2026-05-24 20:52:34] Health check done
[2026-05-24 20:59:03] Health check starting
[2026-05-24 20:59:23] chat STALE — restarting
[2026-05-24 20:59:35] chat → https://api.trycloudflare.com
[2026-05-24 20:59:55] comfyui STALE — restarting
[2026-05-24 21:00:06] comfyui → https://api.trycloudflare.com
[2026-05-24 21:00:26] dashboard STALE — restarting
[2026-05-24 21:00:37] dashboard → https://api.trycloudflare.com
[2026-05-24 21:00:57] ipmi STALE — restarting
[2026-05-24 21:01:08] ipmi → https://api.trycloudflare.com
[2026-05-24 21:01:28] atinus STALE — restarting
[2026-05-24 21:01:39] atinus → https://api.trycloudflare.com
[2026-05-24 21:01:59] grafana STALE — restarting
[2026-05-24 21:02:07] grafana FAILED to get new URL
[2026-05-24 21:02:27] obsidian STALE — restarting
[2026-05-24 21:02:35] obsidian FAILED to get new URL
  [chat] → https://api.trycloudflare.com
  [comfyui] → https://api.trycloudflare.com
  [dashboard] → https://api.trycloudflare.com
  [grafana] → https://cultures-inflation-algebra-plastic.trycloudflare.com
  [obsidian] → https://reef-surname-artificial-transaction.trycloudflare.com
  [ipmi] → https://api.trycloudflare.com
  [atinus] → https://api.trycloudflare.com
✓ 7 URL replacement(s) applied
✓ URLs unchanged — no push needed
[2026-05-24 21:02:35] Links page updated
[2026-05-24 21:02:35] Health check done
[2026-05-24 21:09:03] Health check starting
[2026-05-24 21:09:24] chat STALE — restarting
[2026-05-24 21:09:35] chat → https://api.trycloudflare.com
[2026-05-24 21:09:55] comfyui STALE — restarting
[2026-05-24 21:10:06] comfyui → https://api.trycloudflare.com
[2026-05-24 21:10:26] dashboard STALE — restarting
[2026-05-24 21:10:37] dashboard → https://api.trycloudflare.com
[2026-05-24 21:10:57] ipmi STALE — restarting
[2026-05-24 21:11:08] ipmi → https://api.trycloudflare.com
[2026-05-24 21:11:28] atinus STALE — restarting
[2026-05-24 21:11:39] atinus → https://api.trycloudflare.com
[2026-05-24 21:11:59] grafana STALE — restarting
[2026-05-24 21:12:07] grafana FAILED to get new URL
[2026-05-24 21:12:27] obsidian STALE — restarting
[2026-05-24 21:12:35] obsidian FAILED to get new URL
  [chat] → https://api.trycloudflare.com
  [comfyui] → https://api.trycloudflare.com
  [dashboard] → https://api.trycloudflare.com
  [grafana] → https://cultures-inflation-algebra-plastic.trycloudflare.com
  [obsidian] → https://reef-surname-artificial-transaction.trycloudflare.com
  [ipmi] → https://api.trycloudflare.com
  [atinus] → https://api.trycloudflare.com
✓ 7 URL replacement(s) applied
✓ URLs unchanged — no push needed
[2026-05-24 21:12:35] Links page updated
[2026-05-24 21:12:35] Health check done
[2026-05-24 21:19:03] Health check starting
[2026-05-24 21:19:24] chat STALE — restarting
[2026-05-24 21:19:35] chat → https://api.trycloudflare.com
[2026-05-24 21:19:55] comfyui STALE — restarting
[2026-05-24 21:20:06] comfyui → https://api.trycloudflare.com
[2026-05-24 21:20:26] dashboard STALE — restarting
[2026-05-24 21:20:37] dashboard → https://api.trycloudflare.com
[2026-05-24 21:20:57] ipmi STALE — restarting
[2026-05-24 21:21:08] ipmi → https://api.trycloudflare.com
[2026-05-24 21:21:28] atinus STALE — restarting
[2026-05-24 21:21:39] atinus → https://api.trycloudflare.com
[2026-05-24 21:21:59] grafana STALE — restarting
[2026-05-24 21:22:07] grafana FAILED to get new URL
[2026-05-24 21:22:27] obsidian STALE — restarting
[2026-05-24 21:22:35] obsidian FAILED to get new URL
  [chat] → https://api.trycloudflare.com
  [comfyui] → https://api.trycloudflare.com
  [dashboard] → https://api.trycloudflare.com
  [grafana] → https://cultures-inflation-algebra-plastic.trycloudflare.com
  [obsidian] → https://reef-surname-artificial-transaction.trycloudflare.com
  [ipmi] → https://api.trycloudflare.com
  [atinus] → https://api.trycloudflare.com
✓ 7 URL replacement(s) applied
✓ URLs unchanged — no push needed
[2026-05-24 21:22:35] Links page updated
[2026-05-24 21:22:35] Health check done
[2026-05-24 21:29:05] Health check starting
[2026-05-24 21:29:25] chat STALE — restarting
[2026-05-24 21:29:36] chat → https://api.trycloudflare.com
[2026-05-24 21:29:56] comfyui STALE — restarting
[2026-05-24 21:30:07] comfyui → https://api.trycloudflare.com
[2026-05-24 21:30:27] dashboard STALE — restarting
[2026-05-24 21:30:38] dashboard → https://api.trycloudflare.com
[2026-05-24 21:30:58] ipmi STALE — restarting
[2026-05-24 21:31:09] ipmi → https://api.trycloudflare.com
[2026-05-24 21:31:29] atinus STALE — restarting
[2026-05-24 21:31:40] atinus → https://api.trycloudflare.com
[2026-05-24 21:32:00] grafana STALE — restarting
[2026-05-24 21:32:08] grafana FAILED to get new URL
[2026-05-24 21:32:29] obsidian STALE — restarting
[2026-05-24 21:32:37] obsidian FAILED to get new URL
  [chat] → https://api.trycloudflare.com
  [comfyui] → https://api.trycloudflare.com
  [dashboard] → https://api.trycloudflare.com
  [grafana] → https://cultures-inflation-algebra-plastic.trycloudflare.com
  [obsidian] → https://reef-surname-artificial-transaction.trycloudflare.com
  [ipmi] → https://api.trycloudflare.com
  [atinus] → https://api.trycloudflare.com
✓ 7 URL replacement(s) applied
✓ URLs unchanged — no push needed
[2026-05-24 21:32:37] Links page updated
[2026-05-24 21:32:37] Health check done
[2026-05-24 21:39:11] Health check starting
[2026-05-24 21:39:31] chat STALE — restarting
[2026-05-24 21:39:42] chat → https://api.trycloudflare.com
[2026-05-24 21:40:02] comfyui STALE — restarting
[2026-05-24 21:40:13] comfyui → https://api.trycloudflare.com
[2026-05-24 21:40:33] dashboard STALE — restarting
[2026-05-24 21:40:44] dashboard → https://api.trycloudflare.com
[2026-05-24 21:41:04] ipmi STALE — restarting
[2026-05-24 21:41:15] ipmi → https://api.trycloudflare.com
[2026-05-24 21:41:35] atinus STALE — restarting
[2026-05-24 21:41:46] atinus → https://api.trycloudflare.com
[2026-05-24 21:42:06] grafana STALE — restarting
[2026-05-24 21:42:14] grafana FAILED to get new URL
[2026-05-24 21:42:34] obsidian STALE — restarting
[2026-05-24 21:42:42] obsidian FAILED to get new URL
  [chat] → https://api.trycloudflare.com
  [comfyui] → https://api.trycloudflare.com
  [dashboard] → https://api.trycloudflare.com
  [grafana] → https://cultures-inflation-algebra-plastic.trycloudflare.com
  [obsidian] → https://reef-surname-artificial-transaction.trycloudflare.com
  [ipmi] → https://api.trycloudflare.com
  [atinus] → https://api.trycloudflare.com
✓ 7 URL replacement(s) applied
✓ URLs unchanged — no push needed
[2026-05-24 21:42:42] Links page updated
[2026-05-24 21:42:42] Health check done
[2026-05-24 21:49:18] Health check starting
[2026-05-24 21:49:38] chat STALE — restarting
[2026-05-24 21:49:50] chat → https://api.trycloudflare.com
[2026-05-24 21:50:10] comfyui STALE — restarting
[2026-05-24 21:50:21] comfyui → https://api.trycloudflare.com
[2026-05-24 21:50:41] dashboard STALE — restarting
[2026-05-24 21:50:52] dashboard → https://api.trycloudflare.com
[2026-05-24 21:51:12] ipmi STALE — restarting
[2026-05-24 21:51:23] ipmi → https://api.trycloudflare.com
[2026-05-24 21:51:43] atinus STALE — restarting
[2026-05-24 21:51:54] atinus → https://api.trycloudflare.com
[2026-05-24 21:52:14] grafana STALE — restarting
[2026-05-24 21:52:22] grafana FAILED to get new URL
[2026-05-24 21:52:42] obsidian STALE — restarting
[2026-05-24 21:52:50] obsidian FAILED to get new URL
  [chat] → https://api.trycloudflare.com
  [comfyui] → https://api.trycloudflare.com
  [dashboard] → https://api.trycloudflare.com
  [grafana] → https://cultures-inflation-algebra-plastic.trycloudflare.com
  [obsidian] → https://reef-surname-artificial-transaction.trycloudflare.com
  [ipmi] → https://api.trycloudflare.com
  [atinus] → https://api.trycloudflare.com
✓ 7 URL replacement(s) applied
✓ URLs unchanged — no push needed
[2026-05-24 21:52:50] Links page updated
[2026-05-24 21:52:50] Health check done
[2026-05-24 21:59:18] Health check starting
[2026-05-24 21:59:39] chat STALE — restarting
[2026-05-24 21:59:50] chat → https://api.trycloudflare.com
[2026-05-24 22:00:10] comfyui STALE — restarting
[2026-05-24 22:00:21] comfyui → https://api.trycloudflare.com
[2026-05-24 22:00:41] dashboard STALE — restarting
[2026-05-24 22:00:52] dashboard → https://api.trycloudflare.com
[2026-05-24 22:01:12] ipmi STALE — restarting
[2026-05-24 22:01:23] ipmi → https://api.trycloudflare.com
[2026-05-24 22:01:43] atinus STALE — restarting
[2026-05-24 22:01:54] atinus → https://api.trycloudflare.com
[2026-05-24 22:02:14] grafana STALE — restarting
[2026-05-24 22:02:22] grafana FAILED to get new URL
[2026-05-24 22:02:42] obsidian STALE — restarting
[2026-05-24 22:02:50] obsidian FAILED to get new URL
  [chat] → https://api.trycloudflare.com
  [comfyui] → https://api.trycloudflare.com
  [dashboard] → https://api.trycloudflare.com
  [grafana] → https://cultures-inflation-algebra-plastic.trycloudflare.com
  [obsidian] → https://reef-surname-artificial-transaction.trycloudflare.com
  [ipmi] → https://api.trycloudflare.com
  [atinus] → https://api.trycloudflare.com
✓ 7 URL replacement(s) applied
✓ URLs unchanged — no push needed
[2026-05-24 22:02:50] Links page updated
[2026-05-24 22:02:50] Health check done
[2026-05-24 22:09:18] Health check starting
[2026-05-24 22:09:39] chat STALE — restarting
[2026-05-24 22:09:50] chat → https://api.trycloudflare.com
[2026-05-24 22:10:10] comfyui STALE — restarting
[2026-05-24 22:10:21] comfyui → https://api.trycloudflare.com
[2026-05-24 22:10:41] dashboard STALE — restarting
[2026-05-24 22:10:52] dashboard → https://api.trycloudflare.com
[2026-05-24 22:11:12] ipmi STALE — restarting
[2026-05-24 22:11:23] ipmi → https://api.trycloudflare.com
[2026-05-24 22:11:43] atinus STALE — restarting
[2026-05-24 22:11:54] atinus → https://api.trycloudflare.com
[2026-05-24 22:12:14] grafana STALE — restarting
[2026-05-24 22:12:22] grafana FAILED to get new URL
[2026-05-24 22:12:42] obsidian STALE — restarting
[2026-05-24 22:12:50] obsidian FAILED to get new URL
  [chat] → https://api.trycloudflare.com
  [comfyui] → https://api.trycloudflare.com
  [dashboard] → https://api.trycloudflare.com
  [grafana] → https://cultures-inflation-algebra-plastic.trycloudflare.com
  [obsidian] → https://reef-surname-artificial-transaction.trycloudflare.com
  [ipmi] → https://api.trycloudflare.com
  [atinus] → https://api.trycloudflare.com
✓ 7 URL replacement(s) applied
✓ URLs unchanged — no push needed
[2026-05-24 22:12:50] Links page updated
[2026-05-24 22:12:50] Health check done
[2026-05-24 22:19:33] Health check starting
[2026-05-24 22:19:53] chat STALE — restarting
[2026-05-24 22:20:05] chat → https://api.trycloudflare.com
[2026-05-24 22:20:25] comfyui STALE — restarting
[2026-05-24 22:20:36] comfyui → https://api.trycloudflare.com
[2026-05-24 22:20:56] dashboard STALE — restarting
[2026-05-24 22:21:07] dashboard → https://api.trycloudflare.com
[2026-05-24 22:21:27] ipmi STALE — restarting
[2026-05-24 22:21:38] ipmi → https://api.trycloudflare.com
[2026-05-24 22:21:58] atinus STALE — restarting
[2026-05-24 22:22:09] atinus → https://api.trycloudflare.com
[2026-05-24 22:22:29] grafana STALE — restarting
[2026-05-24 22:22:37] grafana FAILED to get new URL
[2026-05-24 22:22:57] obsidian STALE — restarting
[2026-05-24 22:23:05] obsidian FAILED to get new URL
  [chat] → https://api.trycloudflare.com
  [comfyui] → https://api.trycloudflare.com
  [dashboard] → https://api.trycloudflare.com
  [grafana] → https://cultures-inflation-algebra-plastic.trycloudflare.com
  [obsidian] → https://reef-surname-artificial-transaction.trycloudflare.com
  [ipmi] → https://api.trycloudflare.com
  [atinus] → https://api.trycloudflare.com
✓ 7 URL replacement(s) applied
✓ URLs unchanged — no push needed
[2026-05-24 22:23:05] Links page updated
[2026-05-24 22:23:05] Health check done
[2026-05-24 22:29:33] Health check starting
[2026-05-24 22:29:54] chat STALE — restarting
[2026-05-24 22:30:05] chat → https://api.trycloudflare.com
[2026-05-24 22:30:25] comfyui STALE — restarting
[2026-05-24 22:30:36] comfyui → https://api.trycloudflare.com
[2026-05-24 22:30:56] dashboard STALE — restarting
[2026-05-24 22:31:07] dashboard → https://api.trycloudflare.com
[2026-05-24 22:31:27] ipmi STALE — restarting
[2026-05-24 22:31:38] ipmi → https://api.trycloudflare.com
[2026-05-24 22:31:58] atinus STALE — restarting
[2026-05-24 22:32:09] atinus → https://api.trycloudflare.com
[2026-05-24 22:32:29] grafana STALE — restarting
[2026-05-24 22:32:37] grafana FAILED to get new URL
[2026-05-24 22:32:57] obsidian STALE — restarting
[2026-05-24 22:33:05] obsidian FAILED to get new URL
  [chat] → https://api.trycloudflare.com
  [comfyui] → https://api.trycloudflare.com
  [dashboard] → https://api.trycloudflare.com
  [grafana] → https://cultures-inflation-algebra-plastic.trycloudflare.com
  [obsidian] → https://reef-surname-artificial-transaction.trycloudflare.com
  [ipmi] → https://api.trycloudflare.com
  [atinus] → https://api.trycloudflare.com
✓ 7 URL replacement(s) applied
✓ URLs unchanged — no push needed
[2026-05-24 22:33:05] Links page updated
[2026-05-24 22:33:05] Health check done
[2026-05-24 22:39:33] Health check starting
[2026-05-24 22:39:54] chat STALE — restarting
[2026-05-24 22:40:05] chat → https://api.trycloudflare.com
[2026-05-24 22:40:25] comfyui STALE — restarting
[2026-05-24 22:40:36] comfyui → https://api.trycloudflare.com
[2026-05-24 22:40:56] dashboard STALE — restarting
[2026-05-24 22:41:07] dashboard → https://api.trycloudflare.com
[2026-05-24 22:41:27] ipmi STALE — restarting
[2026-05-24 22:41:38] ipmi → https://api.trycloudflare.com
[2026-05-24 22:41:58] atinus STALE — restarting
[2026-05-24 22:42:09] atinus → https://api.trycloudflare.com
[2026-05-24 22:42:29] grafana STALE — restarting
[2026-05-24 22:42:37] grafana FAILED to get new URL
[2026-05-24 22:42:57] obsidian STALE — restarting
[2026-05-24 22:43:05] obsidian FAILED to get new URL
  [chat] → https://api.trycloudflare.com
  [comfyui] → https://api.trycloudflare.com
  [dashboard] → https://api.trycloudflare.com
  [grafana] → https://cultures-inflation-algebra-plastic.trycloudflare.com
  [obsidian] → https://reef-surname-artificial-transaction.trycloudflare.com
  [ipmi] → https://api.trycloudflare.com
  [atinus] → https://api.trycloudflare.com
✓ 7 URL replacement(s) applied
✓ URLs unchanged — no push needed
[2026-05-24 22:43:05] Links page updated
[2026-05-24 22:43:05] Health check done
[2026-05-24 22:49:48] Health check starting
[2026-05-24 22:50:08] chat STALE — restarting
[2026-05-24 22:50:20] chat → https://api.trycloudflare.com
[2026-05-24 22:50:40] comfyui STALE — restarting
[2026-05-24 22:50:51] comfyui → https://api.trycloudflare.com
[2026-05-24 22:51:11] dashboard STALE — restarting
[2026-05-24 22:51:22] dashboard → https://api.trycloudflare.com
[2026-05-24 22:51:42] ipmi STALE — restarting
[2026-05-24 22:51:53] ipmi → https://api.trycloudflare.com
[2026-05-24 22:52:13] atinus STALE — restarting
[2026-05-24 22:52:24] atinus → https://api.trycloudflare.com
[2026-05-24 22:52:44] grafana STALE — restarting
[2026-05-24 22:52:52] grafana FAILED to get new URL
[2026-05-24 22:53:12] obsidian STALE — restarting
[2026-05-24 22:53:20] obsidian FAILED to get new URL
  [chat] → https://api.trycloudflare.com
  [comfyui] → https://api.trycloudflare.com
  [dashboard] → https://api.trycloudflare.com
  [grafana] → https://cultures-inflation-algebra-plastic.trycloudflare.com
  [obsidian] → https://reef-surname-artificial-transaction.trycloudflare.com
  [ipmi] → https://api.trycloudflare.com
  [atinus] → https://api.trycloudflare.com
✓ 7 URL replacement(s) applied
✓ URLs unchanged — no push needed
[2026-05-24 22:53:20] Links page updated
[2026-05-24 22:53:20] Health check done
[2026-05-24 22:59:48] Health check starting
[2026-05-24 23:00:09] chat STALE — restarting
[2026-05-24 23:00:20] chat → https://api.trycloudflare.com
[2026-05-24 23:00:40] comfyui STALE — restarting
[2026-05-24 23:00:51] comfyui → https://api.trycloudflare.com
[2026-05-24 23:01:11] dashboard STALE — restarting
[2026-05-24 23:01:22] dashboard → https://api.trycloudflare.com
[2026-05-24 23:01:42] ipmi STALE — restarting
[2026-05-24 23:01:53] ipmi → https://api.trycloudflare.com
[2026-05-24 23:02:13] atinus STALE — restarting
[2026-05-24 23:02:24] atinus → https://api.trycloudflare.com
[2026-05-24 23:02:44] grafana STALE — restarting
[2026-05-24 23:02:52] grafana FAILED to get new URL
[2026-05-24 23:03:12] obsidian STALE — restarting
[2026-05-24 23:03:20] obsidian FAILED to get new URL
  [chat] → https://api.trycloudflare.com
  [comfyui] → https://api.trycloudflare.com
  [dashboard] → https://api.trycloudflare.com
  [grafana] → https://cultures-inflation-algebra-plastic.trycloudflare.com
  [obsidian] → https://reef-surname-artificial-transaction.trycloudflare.com
  [ipmi] → https://api.trycloudflare.com
  [atinus] → https://api.trycloudflare.com
✓ 7 URL replacement(s) applied
✓ URLs unchanged — no push needed
[2026-05-24 23:03:20] Links page updated
[2026-05-24 23:03:20] Health check done
[2026-05-24 23:09:48] Health check starting
[2026-05-24 23:10:09] chat STALE — restarting
[2026-05-24 23:10:20] chat → https://api.trycloudflare.com
[2026-05-24 23:10:40] comfyui STALE — restarting
[2026-05-24 23:10:51] comfyui → https://api.trycloudflare.com
[2026-05-24 23:11:11] dashboard STALE — restarting
[2026-05-24 23:11:22] dashboard → https://api.trycloudflare.com
[2026-05-24 23:11:42] ipmi STALE — restarting
[2026-05-24 23:11:53] ipmi → https://api.trycloudflare.com
[2026-05-24 23:12:13] atinus STALE — restarting
[2026-05-24 23:12:24] atinus → https://api.trycloudflare.com
[2026-05-24 23:12:44] grafana STALE — restarting
[2026-05-24 23:12:52] grafana FAILED to get new URL
[2026-05-24 23:13:12] obsidian STALE — restarting
[2026-05-24 23:13:20] obsidian FAILED to get new URL
  [chat] → https://api.trycloudflare.com
  [comfyui] → https://api.trycloudflare.com
  [dashboard] → https://api.trycloudflare.com
  [grafana] → https://cultures-inflation-algebra-plastic.trycloudflare.com
  [obsidian] → https://reef-surname-artificial-transaction.trycloudflare.com
  [ipmi] → https://api.trycloudflare.com
  [atinus] → https://api.trycloudflare.com
✓ 7 URL replacement(s) applied
✓ URLs unchanged — no push needed
[2026-05-24 23:13:20] Links page updated
[2026-05-24 23:13:20] Health check done
[2026-05-24 23:19:49] Health check starting
[2026-05-24 23:20:09] chat STALE — restarting
[2026-05-24 23:20:20] chat → https://api.trycloudflare.com
[2026-05-24 23:20:40] comfyui STALE — restarting
[2026-05-24 23:20:51] comfyui → https://api.trycloudflare.com
[2026-05-24 23:21:11] dashboard STALE — restarting
[2026-05-24 23:21:22] dashboard → https://api.trycloudflare.com
[2026-05-24 23:21:42] ipmi STALE — restarting
[2026-05-24 23:21:53] ipmi → https://api.trycloudflare.com
[2026-05-24 23:22:13] atinus STALE — restarting
[2026-05-24 23:22:24] atinus → https://api.trycloudflare.com
[2026-05-24 23:22:44] grafana STALE — restarting
[2026-05-24 23:22:52] grafana FAILED to get new URL
[2026-05-24 23:23:12] obsidian STALE — restarting
[2026-05-24 23:23:20] obsidian FAILED to get new URL
  [chat] → https://api.trycloudflare.com
  [comfyui] → https://api.trycloudflare.com
  [dashboard] → https://api.trycloudflare.com
  [grafana] → https://cultures-inflation-algebra-plastic.trycloudflare.com
  [obsidian] → https://reef-surname-artificial-transaction.trycloudflare.com
  [ipmi] → https://api.trycloudflare.com
  [atinus] → https://api.trycloudflare.com
✓ 7 URL replacement(s) applied
✓ URLs unchanged — no push needed
[2026-05-24 23:23:20] Links page updated
[2026-05-24 23:23:20] Health check done
[2026-05-24 23:29:55] Health check starting
[2026-05-24 23:30:15] chat STALE — restarting
[2026-05-24 23:30:26] chat → https://api.trycloudflare.com
[2026-05-24 23:30:46] comfyui STALE — restarting
[2026-05-24 23:30:57] comfyui → https://api.trycloudflare.com
[2026-05-24 23:31:17] dashboard STALE — restarting
[2026-05-24 23:31:28] dashboard → https://api.trycloudflare.com
[2026-05-24 23:31:48] ipmi STALE — restarting
[2026-05-24 23:31:59] ipmi → https://api.trycloudflare.com
[2026-05-24 23:32:19] atinus STALE — restarting
[2026-05-24 23:32:30] atinus → https://api.trycloudflare.com
[2026-05-24 23:32:50] grafana STALE — restarting
[2026-05-24 23:32:58] grafana FAILED to get new URL
[2026-05-24 23:33:18] obsidian STALE — restarting
[2026-05-24 23:33:27] obsidian FAILED to get new URL
  [chat] → https://api.trycloudflare.com
  [comfyui] → https://api.trycloudflare.com
  [dashboard] → https://api.trycloudflare.com
  [grafana] → https://cultures-inflation-algebra-plastic.trycloudflare.com
  [obsidian] → https://reef-surname-artificial-transaction.trycloudflare.com
  [ipmi] → https://api.trycloudflare.com
  [atinus] → https://api.trycloudflare.com
✓ 7 URL replacement(s) applied
✓ URLs unchanged — no push needed
[2026-05-24 23:33:27] Links page updated
[2026-05-24 23:33:27] Health check done
[2026-05-24 23:40:01] Health check starting
[2026-05-24 23:40:21] chat STALE — restarting
[2026-05-24 23:40:32] chat → https://api.trycloudflare.com
[2026-05-24 23:40:52] comfyui STALE — restarting
[2026-05-24 23:41:03] comfyui → https://api.trycloudflare.com
[2026-05-24 23:41:23] dashboard STALE — restarting
[2026-05-24 23:41:34] dashboard → https://api.trycloudflare.com
[2026-05-24 23:41:54] ipmi STALE — restarting
[2026-05-24 23:42:05] ipmi → https://api.trycloudflare.com
[2026-05-24 23:42:25] atinus STALE — restarting
[2026-05-24 23:42:36] atinus → https://api.trycloudflare.com
[2026-05-24 23:42:56] grafana STALE — restarting
[2026-05-24 23:43:04] grafana FAILED to get new URL
[2026-05-24 23:43:24] obsidian STALE — restarting
[2026-05-24 23:43:32] obsidian FAILED to get new URL
  [chat] → https://api.trycloudflare.com
  [comfyui] → https://api.trycloudflare.com
  [dashboard] → https://api.trycloudflare.com
  [grafana] → https://cultures-inflation-algebra-plastic.trycloudflare.com
  [obsidian] → https://reef-surname-artificial-transaction.trycloudflare.com
  [ipmi] → https://api.trycloudflare.com
  [atinus] → https://api.trycloudflare.com
✓ 7 URL replacement(s) applied
✓ URLs unchanged — no push needed
[2026-05-24 23:43:32] Links page updated
[2026-05-24 23:43:32] Health check done
[2026-05-24 23:50:01] Health check starting
[2026-05-24 23:50:21] chat STALE — restarting
[2026-05-24 23:50:32] chat → https://api.trycloudflare.com
[2026-05-24 23:50:52] comfyui STALE — restarting
[2026-05-24 23:51:03] comfyui → https://api.trycloudflare.com
[2026-05-24 23:51:23] dashboard STALE — restarting
[2026-05-24 23:51:34] dashboard → https://api.trycloudflare.com
[2026-05-24 23:51:54] ipmi STALE — restarting
[2026-05-24 23:52:05] ipmi → https://api.trycloudflare.com
[2026-05-24 23:52:25] atinus STALE — restarting
[2026-05-24 23:52:36] atinus → https://api.trycloudflare.com
[2026-05-24 23:52:56] grafana STALE — restarting
[2026-05-24 23:53:04] grafana FAILED to get new URL
[2026-05-24 23:53:24] obsidian STALE — restarting
[2026-05-24 23:53:32] obsidian FAILED to get new URL
  [chat] → https://api.trycloudflare.com
  [comfyui] → https://api.trycloudflare.com
  [dashboard] → https://api.trycloudflare.com
  [grafana] → https://cultures-inflation-algebra-plastic.trycloudflare.com
  [obsidian] → https://reef-surname-artificial-transaction.trycloudflare.com
  [ipmi] → https://api.trycloudflare.com
  [atinus] → https://api.trycloudflare.com
✓ 7 URL replacement(s) applied
✓ URLs unchanged — no push needed
[2026-05-24 23:53:32] Links page updated
[2026-05-24 23:53:32] Health check done
[2026-05-25 00:00:01] Health check starting
[2026-05-25 00:00:21] chat STALE — restarting
[2026-05-25 00:00:32] chat → https://api.trycloudflare.com
[2026-05-25 00:00:52] comfyui STALE — restarting
[2026-05-25 00:01:03] comfyui → https://api.trycloudflare.com
[2026-05-25 00:01:23] dashboard STALE — restarting
[2026-05-25 00:01:34] dashboard → https://api.trycloudflare.com
[2026-05-25 00:01:54] ipmi STALE — restarting
[2026-05-25 00:02:05] ipmi → https://api.trycloudflare.com
[2026-05-25 00:02:25] atinus STALE — restarting
[2026-05-25 00:02:36] atinus → https://api.trycloudflare.com
[2026-05-25 00:02:56] grafana STALE — restarting
[2026-05-25 00:03:04] grafana FAILED to get new URL
[2026-05-25 00:03:24] obsidian STALE — restarting
[2026-05-25 00:03:32] obsidian FAILED to get new URL
  [chat] → https://api.trycloudflare.com
  [comfyui] → https://api.trycloudflare.com
  [dashboard] → https://api.trycloudflare.com
  [grafana] → https://cultures-inflation-algebra-plastic.trycloudflare.com
  [obsidian] → https://reef-surname-artificial-transaction.trycloudflare.com
  [ipmi] → https://api.trycloudflare.com
  [atinus] → https://api.trycloudflare.com
✓ 7 URL replacement(s) applied
✓ URLs unchanged — no push needed
[2026-05-25 00:03:33] Links page updated
[2026-05-25 00:03:33] Health check done
[2026-05-25 00:10:01] Health check starting
[2026-05-25 00:10:21] chat STALE — restarting
[2026-05-25 00:10:32] chat → https://api.trycloudflare.com
[2026-05-25 00:10:52] comfyui STALE — restarting
[2026-05-25 00:11:03] comfyui → https://api.trycloudflare.com
[2026-05-25 00:11:23] dashboard STALE — restarting
[2026-05-25 00:11:34] dashboard → https://api.trycloudflare.com
[2026-05-25 00:11:54] ipmi STALE — restarting
[2026-05-25 00:12:05] ipmi → https://api.trycloudflare.com
[2026-05-25 00:12:25] atinus STALE — restarting
[2026-05-25 00:12:37] atinus → https://api.trycloudflare.com
[2026-05-25 00:12:57] grafana STALE — restarting
[2026-05-25 00:13:05] grafana FAILED to get new URL
[2026-05-25 00:13:25] obsidian STALE — restarting
[2026-05-25 00:13:33] obsidian FAILED to get new URL
  [chat] → https://api.trycloudflare.com
  [comfyui] → https://api.trycloudflare.com
  [dashboard] → https://api.trycloudflare.com
  [grafana] → https://cultures-inflation-algebra-plastic.trycloudflare.com
  [obsidian] → https://reef-surname-artificial-transaction.trycloudflare.com
  [ipmi] → https://api.trycloudflare.com
  [atinus] → https://api.trycloudflare.com
✓ 7 URL replacement(s) applied
✓ URLs unchanged — no push needed
[2026-05-25 00:13:33] Links page updated
[2026-05-25 00:13:33] Health check done
[2026-05-25 00:20:01] Health check starting
[2026-05-25 00:20:21] chat STALE — restarting
[2026-05-25 00:20:32] chat → https://api.trycloudflare.com
[2026-05-25 00:20:52] comfyui STALE — restarting
[2026-05-25 00:21:03] comfyui → https://api.trycloudflare.com
[2026-05-25 00:21:23] dashboard STALE — restarting
[2026-05-25 00:21:34] dashboard → https://api.trycloudflare.com
[2026-05-25 00:21:54] ipmi STALE — restarting
[2026-05-25 00:22:06] ipmi → https://api.trycloudflare.com
[2026-05-25 00:22:26] atinus STALE — restarting
[2026-05-25 00:22:37] atinus → https://api.trycloudflare.com
[2026-05-25 00:22:57] grafana STALE — restarting
[2026-05-25 00:23:05] grafana FAILED to get new URL
[2026-05-25 00:23:25] obsidian STALE — restarting
[2026-05-25 00:23:33] obsidian FAILED to get new URL
  [chat] → https://api.trycloudflare.com
  [comfyui] → https://api.trycloudflare.com
  [dashboard] → https://api.trycloudflare.com
  [grafana] → https://cultures-inflation-algebra-plastic.trycloudflare.com
  [obsidian] → https://reef-surname-artificial-transaction.trycloudflare.com
  [ipmi] → https://api.trycloudflare.com
  [atinus] → https://api.trycloudflare.com
✓ 7 URL replacement(s) applied
✓ URLs unchanged — no push needed
[2026-05-25 00:23:33] Links page updated
[2026-05-25 00:23:33] Health check done
[2026-05-25 00:30:01] Health check starting
[2026-05-25 00:30:21] chat STALE — restarting
[2026-05-25 00:30:32] chat → https://api.trycloudflare.com
[2026-05-25 00:30:52] comfyui STALE — restarting
[2026-05-25 00:31:03] comfyui → https://api.trycloudflare.com
[2026-05-25 00:31:23] dashboard STALE — restarting
[2026-05-25 00:31:35] dashboard → https://api.trycloudflare.com
[2026-05-25 00:31:55] ipmi STALE — restarting
[2026-05-25 00:32:06] ipmi → https://api.trycloudflare.com
[2026-05-25 00:32:26] atinus STALE — restarting
[2026-05-25 00:32:37] atinus → https://api.trycloudflare.com
[2026-05-25 00:32:57] grafana STALE — restarting
[2026-05-25 00:33:05] grafana FAILED to get new URL
[2026-05-25 00:33:25] obsidian STALE — restarting
[2026-05-25 00:33:33] obsidian FAILED to get new URL
  [chat] → https://api.trycloudflare.com
  [comfyui] → https://api.trycloudflare.com
  [dashboard] → https://api.trycloudflare.com
  [grafana] → https://cultures-inflation-algebra-plastic.trycloudflare.com
  [obsidian] → https://reef-surname-artificial-transaction.trycloudflare.com
  [ipmi] → https://api.trycloudflare.com
  [atinus] → https://api.trycloudflare.com
✓ 7 URL replacement(s) applied
✓ URLs unchanged — no push needed
[2026-05-25 00:33:33] Links page updated
[2026-05-25 00:33:33] Health check done
[2026-05-25 00:40:01] Health check starting
[2026-05-25 00:40:21] chat STALE — restarting
[2026-05-25 00:40:32] chat → https://api.trycloudflare.com
[2026-05-25 00:40:53] comfyui STALE — restarting
[2026-05-25 00:41:04] comfyui → https://api.trycloudflare.com
[2026-05-25 00:41:24] dashboard STALE — restarting
[2026-05-25 00:41:35] dashboard → https://api.trycloudflare.com
[2026-05-25 00:41:55] ipmi STALE — restarting
[2026-05-25 00:42:06] ipmi → https://api.trycloudflare.com
[2026-05-25 00:42:26] atinus STALE — restarting
[2026-05-25 00:42:37] atinus → https://api.trycloudflare.com
[2026-05-25 00:42:57] grafana STALE — restarting
[2026-05-25 00:43:05] grafana FAILED to get new URL
[2026-05-25 00:43:25] obsidian STALE — restarting
[2026-05-25 00:43:33] obsidian FAILED to get new URL
  [chat] → https://api.trycloudflare.com
  [comfyui] → https://api.trycloudflare.com
  [dashboard] → https://api.trycloudflare.com
  [grafana] → https://cultures-inflation-algebra-plastic.trycloudflare.com
  [obsidian] → https://reef-surname-artificial-transaction.trycloudflare.com
  [ipmi] → https://api.trycloudflare.com
  [atinus] → https://api.trycloudflare.com
✓ 7 URL replacement(s) applied
✓ URLs unchanged — no push needed
[2026-05-25 00:43:33] Links page updated
[2026-05-25 00:43:33] Health check done
[2026-05-25 00:50:02] Health check starting
[2026-05-25 00:50:22] chat STALE — restarting
[2026-05-25 00:50:33] chat → https://api.trycloudflare.com
[2026-05-25 00:50:53] comfyui STALE — restarting
[2026-05-25 00:51:04] comfyui → https://api.trycloudflare.com
[2026-05-25 00:51:24] dashboard STALE — restarting
[2026-05-25 00:51:35] dashboard → https://api.trycloudflare.com
[2026-05-25 00:51:55] ipmi STALE — restarting
[2026-05-25 00:52:06] ipmi → https://api.trycloudflare.com
[2026-05-25 00:52:26] atinus STALE — restarting
[2026-05-25 00:52:37] atinus → https://api.trycloudflare.com
[2026-05-25 00:52:57] grafana STALE — restarting
[2026-05-25 00:53:05] grafana FAILED to get new URL
[2026-05-25 00:53:25] obsidian STALE — restarting
[2026-05-25 00:53:33] obsidian FAILED to get new URL
  [chat] → https://api.trycloudflare.com
  [comfyui] → https://api.trycloudflare.com
  [dashboard] → https://api.trycloudflare.com
  [grafana] → https://cultures-inflation-algebra-plastic.trycloudflare.com
  [obsidian] → https://reef-surname-artificial-transaction.trycloudflare.com
  [ipmi] → https://api.trycloudflare.com
  [atinus] → https://api.trycloudflare.com
✓ 7 URL replacement(s) applied
✓ URLs unchanged — no push needed
[2026-05-25 00:53:33] Links page updated
[2026-05-25 00:53:33] Health check done
[2026-05-25 01:00:03] Health check starting
[2026-05-25 01:00:24] chat STALE — restarting
[2026-05-25 01:00:35] chat → https://api.trycloudflare.com
[2026-05-25 01:00:55] comfyui STALE — restarting
[2026-05-25 01:01:06] comfyui → https://api.trycloudflare.com
[2026-05-25 01:01:26] dashboard STALE — restarting
[2026-05-25 01:01:37] dashboard → https://api.trycloudflare.com
[2026-05-25 01:01:57] ipmi STALE — restarting
[2026-05-25 01:02:08] ipmi → https://api.trycloudflare.com
[2026-05-25 01:02:28] atinus STALE — restarting
[2026-05-25 01:02:39] atinus → https://api.trycloudflare.com
[2026-05-25 01:02:59] grafana STALE — restarting
[2026-05-25 01:03:07] grafana FAILED to get new URL
[2026-05-25 01:03:27] obsidian STALE — restarting
[2026-05-25 01:03:35] obsidian FAILED to get new URL
  [chat] → https://api.trycloudflare.com
  [comfyui] → https://api.trycloudflare.com
  [dashboard] → https://api.trycloudflare.com
  [grafana] → https://cultures-inflation-algebra-plastic.trycloudflare.com
  [obsidian] → https://reef-surname-artificial-transaction.trycloudflare.com
  [ipmi] → https://api.trycloudflare.com
  [atinus] → https://api.trycloudflare.com
✓ 7 URL replacement(s) applied
✓ URLs unchanged — no push needed
[2026-05-25 01:03:35] Links page updated
[2026-05-25 01:03:35] Health check done
[2026-05-25 01:10:04] Health check starting
[2026-05-25 01:10:24] chat STALE — restarting
[2026-05-25 01:10:35] chat → https://api.trycloudflare.com
[2026-05-25 01:10:55] comfyui STALE — restarting
[2026-05-25 01:11:06] comfyui → https://api.trycloudflare.com
[2026-05-25 01:11:26] dashboard STALE — restarting
[2026-05-25 01:11:37] dashboard → https://api.trycloudflare.com
[2026-05-25 01:11:57] ipmi STALE — restarting
[2026-05-25 01:12:08] ipmi → https://api.trycloudflare.com
[2026-05-25 01:12:28] atinus STALE — restarting
[2026-05-25 01:12:39] atinus → https://api.trycloudflare.com
[2026-05-25 01:12:59] grafana STALE — restarting
[2026-05-25 01:13:07] grafana FAILED to get new URL
[2026-05-25 01:13:27] obsidian STALE — restarting
[2026-05-25 01:13:35] obsidian FAILED to get new URL
  [chat] → https://api.trycloudflare.com
  [comfyui] → https://api.trycloudflare.com
  [dashboard] → https://api.trycloudflare.com
  [grafana] → https://cultures-inflation-algebra-plastic.trycloudflare.com
  [obsidian] → https://reef-surname-artificial-transaction.trycloudflare.com
  [ipmi] → https://api.trycloudflare.com
  [atinus] → https://api.trycloudflare.com
✓ 7 URL replacement(s) applied
✓ URLs unchanged — no push needed
[2026-05-25 01:13:35] Links page updated
[2026-05-25 01:13:35] Health check done
[2026-05-25 01:20:18] Health check starting
[2026-05-25 01:20:39] chat STALE — restarting
[2026-05-25 01:20:50] chat → https://api.trycloudflare.com
[2026-05-25 01:21:10] comfyui STALE — restarting
[2026-05-25 01:21:21] comfyui → https://api.trycloudflare.com
[2026-05-25 01:21:41] dashboard STALE — restarting
[2026-05-25 01:21:52] dashboard → https://api.trycloudflare.com
[2026-05-25 01:22:12] ipmi STALE — restarting
[2026-05-25 01:22:23] ipmi → https://api.trycloudflare.com
[2026-05-25 01:22:43] atinus STALE — restarting
[2026-05-25 01:22:54] atinus → https://api.trycloudflare.com
[2026-05-25 01:23:14] grafana STALE — restarting
[2026-05-25 01:23:22] grafana FAILED to get new URL
[2026-05-25 01:23:42] obsidian STALE — restarting
[2026-05-25 01:23:50] obsidian FAILED to get new URL
  [chat] → https://api.trycloudflare.com
  [comfyui] → https://api.trycloudflare.com
  [dashboard] → https://api.trycloudflare.com
  [grafana] → https://cultures-inflation-algebra-plastic.trycloudflare.com
  [obsidian] → https://reef-surname-artificial-transaction.trycloudflare.com
  [ipmi] → https://api.trycloudflare.com
  [atinus] → https://api.trycloudflare.com
✓ 7 URL replacement(s) applied
✓ URLs unchanged — no push needed
[2026-05-25 01:23:50] Links page updated
[2026-05-25 01:23:50] Health check done
[2026-05-25 01:30:18] Health check starting
[2026-05-25 01:30:39] chat STALE — restarting
[2026-05-25 01:30:50] chat → https://api.trycloudflare.com
[2026-05-25 01:31:10] comfyui STALE — restarting
[2026-05-25 01:31:21] comfyui → https://api.trycloudflare.com
[2026-05-25 01:31:41] dashboard STALE — restarting
[2026-05-25 01:31:52] dashboard → https://api.trycloudflare.com
[2026-05-25 01:32:12] ipmi STALE — restarting
[2026-05-25 01:32:23] ipmi → https://api.trycloudflare.com
[2026-05-25 01:32:43] atinus STALE — restarting
[2026-05-25 01:32:54] atinus → https://api.trycloudflare.com
[2026-05-25 01:33:14] grafana STALE — restarting
[2026-05-25 01:33:22] grafana FAILED to get new URL
[2026-05-25 01:33:42] obsidian STALE — restarting
[2026-05-25 01:33:50] obsidian FAILED to get new URL
  [chat] → https://api.trycloudflare.com
  [comfyui] → https://api.trycloudflare.com
  [dashboard] → https://api.trycloudflare.com
  [grafana] → https://cultures-inflation-algebra-plastic.trycloudflare.com
  [obsidian] → https://reef-surname-artificial-transaction.trycloudflare.com
  [ipmi] → https://api.trycloudflare.com
  [atinus] → https://api.trycloudflare.com
✓ 7 URL replacement(s) applied
✓ URLs unchanged — no push needed
[2026-05-25 01:33:50] Links page updated
[2026-05-25 01:33:50] Health check done
[2026-05-25 01:40:19] Health check starting
[2026-05-25 01:40:39] chat STALE — restarting
[2026-05-25 01:40:50] chat → https://api.trycloudflare.com
[2026-05-25 01:41:10] comfyui STALE — restarting
[2026-05-25 01:41:21] comfyui → https://api.trycloudflare.com
[2026-05-25 01:41:41] dashboard STALE — restarting
[2026-05-25 01:41:52] dashboard → https://api.trycloudflare.com
[2026-05-25 01:42:12] ipmi STALE — restarting
[2026-05-25 01:42:23] ipmi → https://api.trycloudflare.com
[2026-05-25 01:42:43] atinus STALE — restarting
[2026-05-25 01:42:54] atinus → https://api.trycloudflare.com
[2026-05-25 01:43:14] grafana STALE — restarting
[2026-05-25 01:43:22] grafana FAILED to get new URL
[2026-05-25 01:43:42] obsidian STALE — restarting
[2026-05-25 01:43:50] obsidian FAILED to get new URL
  [chat] → https://api.trycloudflare.com
  [comfyui] → https://api.trycloudflare.com
  [dashboard] → https://api.trycloudflare.com
  [grafana] → https://cultures-inflation-algebra-plastic.trycloudflare.com
  [obsidian] → https://reef-surname-artificial-transaction.trycloudflare.com
  [ipmi] → https://api.trycloudflare.com
  [atinus] → https://api.trycloudflare.com
✓ 7 URL replacement(s) applied
✓ URLs unchanged — no push needed
[2026-05-25 01:43:50] Links page updated
[2026-05-25 01:43:50] Health check done
[2026-05-25 01:50:20] Health check starting
[2026-05-25 01:50:40] chat STALE — restarting
[2026-05-25 01:50:51] chat → https://api.trycloudflare.com
[2026-05-25 01:51:11] comfyui STALE — restarting
[2026-05-25 01:51:22] comfyui → https://api.trycloudflare.com
[2026-05-25 01:51:42] dashboard STALE — restarting
[2026-05-25 01:51:53] dashboard → https://api.trycloudflare.com
[2026-05-25 01:52:13] ipmi STALE — restarting
[2026-05-25 01:52:24] ipmi → https://api.trycloudflare.com
[2026-05-25 01:52:44] atinus STALE — restarting
[2026-05-25 01:52:55] atinus → https://api.trycloudflare.com
[2026-05-25 01:53:15] grafana STALE — restarting
[2026-05-25 01:53:23] grafana FAILED to get new URL
[2026-05-25 01:53:43] obsidian STALE — restarting
[2026-05-25 01:53:51] obsidian FAILED to get new URL
  [chat] → https://api.trycloudflare.com
  [comfyui] → https://api.trycloudflare.com
  [dashboard] → https://api.trycloudflare.com
  [grafana] → https://cultures-inflation-algebra-plastic.trycloudflare.com
  [obsidian] → https://reef-surname-artificial-transaction.trycloudflare.com
  [ipmi] → https://api.trycloudflare.com
  [atinus] → https://api.trycloudflare.com
✓ 7 URL replacement(s) applied
✓ URLs unchanged — no push needed
[2026-05-25 01:53:51] Links page updated
[2026-05-25 01:53:51] Health check done
[2026-05-25 02:00:22] Health check starting
[2026-05-25 02:00:42] chat STALE — restarting
[2026-05-25 02:00:53] chat → https://api.trycloudflare.com
[2026-05-25 02:01:13] comfyui STALE — restarting
[2026-05-25 02:01:24] comfyui → https://api.trycloudflare.com
[2026-05-25 02:01:44] dashboard STALE — restarting
[2026-05-25 02:01:55] dashboard → https://api.trycloudflare.com
[2026-05-25 02:02:15] ipmi STALE — restarting
[2026-05-25 02:02:26] ipmi → https://api.trycloudflare.com
[2026-05-25 02:02:46] atinus STALE — restarting
[2026-05-25 02:02:57] atinus → https://api.trycloudflare.com
[2026-05-25 02:03:17] grafana STALE — restarting
[2026-05-25 02:03:25] grafana FAILED to get new URL
[2026-05-25 02:03:45] obsidian STALE — restarting
[2026-05-25 02:03:53] obsidian FAILED to get new URL
  [chat] → https://api.trycloudflare.com
  [comfyui] → https://api.trycloudflare.com
  [dashboard] → https://api.trycloudflare.com
  [grafana] → https://cultures-inflation-algebra-plastic.trycloudflare.com
  [obsidian] → https://reef-surname-artificial-transaction.trycloudflare.com
  [ipmi] → https://api.trycloudflare.com
  [atinus] → https://api.trycloudflare.com
✓ 7 URL replacement(s) applied
✓ URLs unchanged — no push needed
[2026-05-25 02:03:53] Links page updated
[2026-05-25 02:03:53] Health check done
[2026-05-25 02:10:22] Health check starting
[2026-05-25 02:10:42] chat STALE — restarting
[2026-05-25 02:10:53] chat → https://api.trycloudflare.com
[2026-05-25 02:11:13] comfyui STALE — restarting
[2026-05-25 02:11:24] comfyui → https://api.trycloudflare.com
[2026-05-25 02:11:44] dashboard STALE — restarting
[2026-05-25 02:11:55] dashboard → https://api.trycloudflare.com
[2026-05-25 02:12:15] ipmi STALE — restarting
[2026-05-25 02:12:26] ipmi → https://api.trycloudflare.com
[2026-05-25 02:12:46] atinus STALE — restarting
[2026-05-25 02:12:57] atinus → https://api.trycloudflare.com
[2026-05-25 02:13:17] grafana STALE — restarting
[2026-05-25 02:13:25] grafana FAILED to get new URL
[2026-05-25 02:13:45] obsidian STALE — restarting
[2026-05-25 02:13:53] obsidian FAILED to get new URL
  [chat] → https://api.trycloudflare.com
  [comfyui] → https://api.trycloudflare.com
  [dashboard] → https://api.trycloudflare.com
  [grafana] → https://cultures-inflation-algebra-plastic.trycloudflare.com
  [obsidian] → https://reef-surname-artificial-transaction.trycloudflare.com
  [ipmi] → https://api.trycloudflare.com
  [atinus] → https://api.trycloudflare.com
✓ 7 URL replacement(s) applied
✓ URLs unchanged — no push needed
[2026-05-25 02:13:53] Links page updated
[2026-05-25 02:13:53] Health check done
[2026-05-25 02:20:29] Health check starting
[2026-05-25 02:20:49] chat STALE — restarting
[2026-05-25 02:21:00] chat → https://api.trycloudflare.com
[2026-05-25 02:21:20] comfyui STALE — restarting
[2026-05-25 02:21:31] comfyui → https://api.trycloudflare.com
[2026-05-25 02:21:51] dashboard STALE — restarting
[2026-05-25 02:22:02] dashboard → https://api.trycloudflare.com
[2026-05-25 02:22:22] ipmi STALE — restarting
[2026-05-25 02:22:33] ipmi → https://api.trycloudflare.com
[2026-05-25 02:22:53] atinus STALE — restarting
[2026-05-25 02:23:04] atinus → https://api.trycloudflare.com
[2026-05-25 02:23:24] grafana STALE — restarting
[2026-05-25 02:23:32] grafana FAILED to get new URL
[2026-05-25 02:23:52] obsidian STALE — restarting
[2026-05-25 02:24:01] obsidian FAILED to get new URL
  [chat] → https://api.trycloudflare.com
  [comfyui] → https://api.trycloudflare.com
  [dashboard] → https://api.trycloudflare.com
  [grafana] → https://cultures-inflation-algebra-plastic.trycloudflare.com
  [obsidian] → https://reef-surname-artificial-transaction.trycloudflare.com
  [ipmi] → https://api.trycloudflare.com
  [atinus] → https://api.trycloudflare.com
✓ 7 URL replacement(s) applied
✓ URLs unchanged — no push needed
[2026-05-25 02:24:01] Links page updated
[2026-05-25 02:24:01] Health check done
[2026-05-25 02:30:33] Health check starting
[2026-05-25 02:30:53] chat STALE — restarting
[2026-05-25 02:31:05] chat → https://api.trycloudflare.com
[2026-05-25 02:31:25] comfyui STALE — restarting
[2026-05-25 02:31:36] comfyui → https://api.trycloudflare.com
[2026-05-25 02:31:56] dashboard STALE — restarting
[2026-05-25 02:32:07] dashboard → https://api.trycloudflare.com
[2026-05-25 02:32:27] ipmi STALE — restarting
[2026-05-25 02:32:38] ipmi → https://api.trycloudflare.com
[2026-05-25 02:32:58] atinus STALE — restarting
[2026-05-25 02:33:09] atinus → https://api.trycloudflare.com
[2026-05-25 02:33:29] grafana STALE — restarting
[2026-05-25 02:33:37] grafana FAILED to get new URL
[2026-05-25 02:33:57] obsidian STALE — restarting
[2026-05-25 02:34:05] obsidian FAILED to get new URL
  [chat] → https://api.trycloudflare.com
  [comfyui] → https://api.trycloudflare.com
  [dashboard] → https://api.trycloudflare.com
  [grafana] → https://cultures-inflation-algebra-plastic.trycloudflare.com
  [obsidian] → https://reef-surname-artificial-transaction.trycloudflare.com
  [ipmi] → https://api.trycloudflare.com
  [atinus] → https://api.trycloudflare.com
✓ 7 URL replacement(s) applied
✓ URLs unchanged — no push needed
[2026-05-25 02:34:05] Links page updated
[2026-05-25 02:34:05] Health check done
[2026-05-25 02:40:33] Health check starting
[2026-05-25 02:40:54] chat STALE — restarting
[2026-05-25 02:41:05] chat → https://api.trycloudflare.com
[2026-05-25 02:41:25] comfyui STALE — restarting
[2026-05-25 02:41:36] comfyui → https://api.trycloudflare.com
[2026-05-25 02:41:56] dashboard STALE — restarting
[2026-05-25 02:42:07] dashboard → https://api.trycloudflare.com
[2026-05-25 02:42:27] ipmi STALE — restarting
[2026-05-25 02:42:38] ipmi → https://api.trycloudflare.com
[2026-05-25 02:42:58] atinus STALE — restarting
[2026-05-25 02:43:09] atinus → https://api.trycloudflare.com
[2026-05-25 02:43:29] grafana STALE — restarting
[2026-05-25 02:43:37] grafana FAILED to get new URL
[2026-05-25 02:43:57] obsidian STALE — restarting
[2026-05-25 02:44:05] obsidian FAILED to get new URL
  [chat] → https://api.trycloudflare.com
  [comfyui] → https://api.trycloudflare.com
  [dashboard] → https://api.trycloudflare.com
  [grafana] → https://cultures-inflation-algebra-plastic.trycloudflare.com
  [obsidian] → https://reef-surname-artificial-transaction.trycloudflare.com
  [ipmi] → https://api.trycloudflare.com
  [atinus] → https://api.trycloudflare.com
✓ 7 URL replacement(s) applied
✓ URLs unchanged — no push needed
[2026-05-25 02:44:05] Links page updated
[2026-05-25 02:44:05] Health check done
[2026-05-25 02:50:33] Health check starting
[2026-05-25 02:50:54] chat STALE — restarting
[2026-05-25 02:51:05] chat → https://api.trycloudflare.com
[2026-05-25 02:51:25] comfyui STALE — restarting
[2026-05-25 02:51:36] comfyui → https://api.trycloudflare.com
[2026-05-25 02:51:56] dashboard STALE — restarting
[2026-05-25 02:52:07] dashboard → https://api.trycloudflare.com
[2026-05-25 02:52:27] ipmi STALE — restarting
[2026-05-25 02:52:38] ipmi → https://api.trycloudflare.com
[2026-05-25 02:52:58] atinus STALE — restarting
[2026-05-25 02:53:09] atinus → https://api.trycloudflare.com
[2026-05-25 02:53:29] grafana STALE — restarting
[2026-05-25 02:53:37] grafana FAILED to get new URL
[2026-05-25 02:53:57] obsidian STALE — restarting
[2026-05-25 02:54:05] obsidian FAILED to get new URL
  [chat] → https://api.trycloudflare.com
  [comfyui] → https://api.trycloudflare.com
  [dashboard] → https://api.trycloudflare.com
  [grafana] → https://cultures-inflation-algebra-plastic.trycloudflare.com
  [obsidian] → https://reef-surname-artificial-transaction.trycloudflare.com
  [ipmi] → https://api.trycloudflare.com
  [atinus] → https://api.trycloudflare.com
✓ 7 URL replacement(s) applied
✓ URLs unchanged — no push needed
[2026-05-25 02:54:05] Links page updated
[2026-05-25 02:54:05] Health check done
[2026-05-25 03:00:34] Health check starting
[2026-05-25 03:00:54] chat STALE — restarting
[2026-05-25 03:01:05] chat → https://api.trycloudflare.com
[2026-05-25 03:01:25] comfyui STALE — restarting
[2026-05-25 03:01:36] comfyui → https://api.trycloudflare.com
[2026-05-25 03:01:56] dashboard STALE — restarting
[2026-05-25 03:02:07] dashboard → https://api.trycloudflare.com
[2026-05-25 03:02:27] ipmi STALE — restarting
[2026-05-25 03:02:38] ipmi → https://api.trycloudflare.com
[2026-05-25 03:02:58] atinus STALE — restarting
[2026-05-25 03:03:09] atinus → https://api.trycloudflare.com
[2026-05-25 03:03:29] grafana STALE — restarting
[2026-05-25 03:03:37] grafana FAILED to get new URL
[2026-05-25 03:03:57] obsidian STALE — restarting
[2026-05-25 03:04:05] obsidian FAILED to get new URL
  [chat] → https://api.trycloudflare.com
  [comfyui] → https://api.trycloudflare.com
  [dashboard] → https://api.trycloudflare.com
  [grafana] → https://cultures-inflation-algebra-plastic.trycloudflare.com
  [obsidian] → https://reef-surname-artificial-transaction.trycloudflare.com
  [ipmi] → https://api.trycloudflare.com
  [atinus] → https://api.trycloudflare.com
✓ 7 URL replacement(s) applied
✓ URLs unchanged — no push needed
[2026-05-25 03:04:05] Links page updated
[2026-05-25 03:04:05] Health check done
[2026-05-25 03:10:48] Health check starting
[2026-05-25 03:11:09] chat STALE — restarting
[2026-05-25 03:11:20] chat → https://api.trycloudflare.com
[2026-05-25 03:11:40] comfyui STALE — restarting
[2026-05-25 03:11:51] comfyui → https://api.trycloudflare.com
[2026-05-25 03:12:11] dashboard STALE — restarting
[2026-05-25 03:12:22] dashboard → https://api.trycloudflare.com
[2026-05-25 03:12:42] ipmi STALE — restarting
[2026-05-25 03:12:53] ipmi → https://api.trycloudflare.com
[2026-05-25 03:13:13] atinus STALE — restarting
[2026-05-25 03:13:24] atinus → https://api.trycloudflare.com
[2026-05-25 03:13:44] grafana STALE — restarting
[2026-05-25 03:13:52] grafana FAILED to get new URL
[2026-05-25 03:14:12] obsidian STALE — restarting
[2026-05-25 03:14:20] obsidian FAILED to get new URL
  [chat] → https://api.trycloudflare.com
  [comfyui] → https://api.trycloudflare.com
  [dashboard] → https://api.trycloudflare.com
  [grafana] → https://cultures-inflation-algebra-plastic.trycloudflare.com
  [obsidian] → https://reef-surname-artificial-transaction.trycloudflare.com
  [ipmi] → https://api.trycloudflare.com
  [atinus] → https://api.trycloudflare.com
✓ 7 URL replacement(s) applied
✓ URLs unchanged — no push needed
[2026-05-25 03:14:20] Links page updated
[2026-05-25 03:14:20] Health check done
[2026-05-25 03:20:48] Health check starting
[2026-05-25 03:21:09] chat STALE — restarting
[2026-05-25 03:21:20] chat → https://api.trycloudflare.com
[2026-05-25 03:21:40] comfyui STALE — restarting
[2026-05-25 03:21:51] comfyui → https://api.trycloudflare.com
[2026-05-25 03:22:11] dashboard STALE — restarting
[2026-05-25 03:22:22] dashboard → https://api.trycloudflare.com
[2026-05-25 03:22:42] ipmi STALE — restarting
[2026-05-25 03:22:53] ipmi → https://api.trycloudflare.com
[2026-05-25 03:23:13] atinus STALE — restarting
[2026-05-25 03:23:24] atinus → https://api.trycloudflare.com
[2026-05-25 03:23:44] grafana STALE — restarting
[2026-05-25 03:23:52] grafana FAILED to get new URL
[2026-05-25 03:24:12] obsidian STALE — restarting
[2026-05-25 03:24:20] obsidian FAILED to get new URL
  [chat] → https://api.trycloudflare.com
  [comfyui] → https://api.trycloudflare.com
  [dashboard] → https://api.trycloudflare.com
  [grafana] → https://cultures-inflation-algebra-plastic.trycloudflare.com
  [obsidian] → https://reef-surname-artificial-transaction.trycloudflare.com
  [ipmi] → https://api.trycloudflare.com
  [atinus] → https://api.trycloudflare.com
✓ 7 URL replacement(s) applied
✓ URLs unchanged — no push needed
[2026-05-25 03:24:20] Links page updated
[2026-05-25 03:24:20] Health check done
[2026-05-25 03:30:49] Health check starting
[2026-05-25 03:31:09] chat STALE — restarting
[2026-05-25 03:31:20] chat → https://api.trycloudflare.com
[2026-05-25 03:31:40] comfyui STALE — restarting
[2026-05-25 03:31:51] comfyui → https://api.trycloudflare.com
[2026-05-25 03:32:11] dashboard STALE — restarting
[2026-05-25 03:32:22] dashboard → https://api.trycloudflare.com
[2026-05-25 03:32:42] ipmi STALE — restarting
[2026-05-25 03:32:53] ipmi → https://api.trycloudflare.com
[2026-05-25 03:33:13] atinus STALE — restarting
[2026-05-25 03:33:24] atinus → https://api.trycloudflare.com
[2026-05-25 03:33:44] grafana STALE — restarting
[2026-05-25 03:33:52] grafana FAILED to get new URL
[2026-05-25 03:34:12] obsidian STALE — restarting
[2026-05-25 03:34:20] obsidian FAILED to get new URL
  [chat] → https://api.trycloudflare.com
  [comfyui] → https://api.trycloudflare.com
  [dashboard] → https://api.trycloudflare.com
  [grafana] → https://cultures-inflation-algebra-plastic.trycloudflare.com
  [obsidian] → https://reef-surname-artificial-transaction.trycloudflare.com
  [ipmi] → https://api.trycloudflare.com
  [atinus] → https://api.trycloudflare.com
✓ 7 URL replacement(s) applied
✓ URLs unchanged — no push needed
[2026-05-25 03:34:20] Links page updated
[2026-05-25 03:34:20] Health check done
[2026-05-25 03:40:55] Health check starting
[2026-05-25 03:41:15] chat STALE — restarting
[2026-05-25 03:41:26] chat → https://api.trycloudflare.com
[2026-05-25 03:41:46] comfyui STALE — restarting
[2026-05-25 03:41:57] comfyui → https://api.trycloudflare.com
[2026-05-25 03:42:17] dashboard STALE — restarting
[2026-05-25 03:42:28] dashboard → https://api.trycloudflare.com
[2026-05-25 03:42:48] ipmi STALE — restarting
[2026-05-25 03:42:59] ipmi → https://api.trycloudflare.com
[2026-05-25 03:43:19] atinus STALE — restarting
[2026-05-25 03:43:30] atinus → https://api.trycloudflare.com
[2026-05-25 03:43:50] grafana STALE — restarting
[2026-05-25 03:43:58] grafana FAILED to get new URL
[2026-05-25 03:44:19] obsidian STALE — restarting
[2026-05-25 03:44:27] obsidian FAILED to get new URL
  [chat] → https://api.trycloudflare.com
  [comfyui] → https://api.trycloudflare.com
  [dashboard] → https://api.trycloudflare.com
  [grafana] → https://cultures-inflation-algebra-plastic.trycloudflare.com
  [obsidian] → https://reef-surname-artificial-transaction.trycloudflare.com
  [ipmi] → https://api.trycloudflare.com
  [atinus] → https://api.trycloudflare.com
✓ 7 URL replacement(s) applied
✓ URLs unchanged — no push needed
[2026-05-25 03:44:27] Links page updated
[2026-05-25 03:44:27] Health check done
[2026-05-25 03:50:59] Health check starting
[2026-05-25 03:51:19] chat STALE — restarting
[2026-05-25 03:51:30] chat → https://api.trycloudflare.com
[2026-05-25 03:51:50] comfyui STALE — restarting
[2026-05-25 03:52:01] comfyui → https://api.trycloudflare.com
[2026-05-25 03:52:21] dashboard STALE — restarting
[2026-05-25 03:52:33] dashboard → https://api.trycloudflare.com
[2026-05-25 03:52:53] ipmi STALE — restarting
[2026-05-25 03:53:04] ipmi → https://api.trycloudflare.com
[2026-05-25 03:53:24] atinus STALE — restarting
[2026-05-25 03:53:35] atinus → https://api.trycloudflare.com
[2026-05-25 03:53:55] grafana STALE — restarting
[2026-05-25 03:54:03] grafana FAILED to get new URL
[2026-05-25 03:54:23] obsidian STALE — restarting
[2026-05-25 03:54:31] obsidian FAILED to get new URL
  [chat] → https://api.trycloudflare.com
  [comfyui] → https://api.trycloudflare.com
  [dashboard] → https://api.trycloudflare.com
  [grafana] → https://cultures-inflation-algebra-plastic.trycloudflare.com
  [obsidian] → https://reef-surname-artificial-transaction.trycloudflare.com
  [ipmi] → https://api.trycloudflare.com
  [atinus] → https://api.trycloudflare.com
✓ 7 URL replacement(s) applied
✓ URLs unchanged — no push needed
[2026-05-25 03:54:31] Links page updated
[2026-05-25 03:54:31] Health check done
[2026-05-25 04:01:03] Health check starting
[2026-05-25 04:01:24] chat STALE — restarting
[2026-05-25 04:01:35] chat → https://api.trycloudflare.com
[2026-05-25 04:01:55] comfyui STALE — restarting
[2026-05-25 04:02:06] comfyui → https://api.trycloudflare.com
[2026-05-25 04:02:26] dashboard STALE — restarting
[2026-05-25 04:02:37] dashboard → https://api.trycloudflare.com
[2026-05-25 04:02:57] ipmi STALE — restarting
[2026-05-25 04:03:08] ipmi → https://api.trycloudflare.com
[2026-05-25 04:03:28] atinus STALE — restarting
[2026-05-25 04:03:39] atinus → https://api.trycloudflare.com
[2026-05-25 04:03:59] grafana STALE — restarting
[2026-05-25 04:04:07] grafana FAILED to get new URL
[2026-05-25 04:04:27] obsidian STALE — restarting
[2026-05-25 04:04:35] obsidian FAILED to get new URL
  [chat] → https://api.trycloudflare.com
  [comfyui] → https://api.trycloudflare.com
  [dashboard] → https://api.trycloudflare.com
  [grafana] → https://cultures-inflation-algebra-plastic.trycloudflare.com
  [obsidian] → https://reef-surname-artificial-transaction.trycloudflare.com
  [ipmi] → https://api.trycloudflare.com
  [atinus] → https://api.trycloudflare.com
✓ 7 URL replacement(s) applied
✓ URLs unchanged — no push needed
[2026-05-25 04:04:35] Links page updated
[2026-05-25 04:04:35] Health check done
[2026-05-25 04:11:03] Health check starting
[2026-05-25 04:11:24] chat STALE — restarting
[2026-05-25 04:11:35] chat → https://api.trycloudflare.com
[2026-05-25 04:11:55] comfyui STALE — restarting
[2026-05-25 04:12:06] comfyui → https://api.trycloudflare.com
[2026-05-25 04:12:26] dashboard STALE — restarting
[2026-05-25 04:12:37] dashboard → https://api.trycloudflare.com
[2026-05-25 04:12:57] ipmi STALE — restarting
[2026-05-25 04:13:08] ipmi → https://api.trycloudflare.com
[2026-05-25 04:13:28] atinus STALE — restarting
[2026-05-25 04:13:39] atinus → https://api.trycloudflare.com
[2026-05-25 04:13:59] grafana STALE — restarting
[2026-05-25 04:14:07] grafana FAILED to get new URL
[2026-05-25 04:14:27] obsidian STALE — restarting
[2026-05-25 04:14:35] obsidian FAILED to get new URL
  [chat] → https://api.trycloudflare.com
  [comfyui] → https://api.trycloudflare.com
  [dashboard] → https://api.trycloudflare.com
  [grafana] → https://cultures-inflation-algebra-plastic.trycloudflare.com
  [obsidian] → https://reef-surname-artificial-transaction.trycloudflare.com
  [ipmi] → https://api.trycloudflare.com
  [atinus] → https://api.trycloudflare.com
✓ 7 URL replacement(s) applied
✓ URLs unchanged — no push needed
[2026-05-25 04:14:35] Links page updated
[2026-05-25 04:14:35] Health check done
[2026-05-25 04:21:03] Health check starting
[2026-05-25 04:21:24] chat STALE — restarting
[2026-05-25 04:21:35] chat → https://api.trycloudflare.com
[2026-05-25 04:21:55] comfyui STALE — restarting
[2026-05-25 04:22:06] comfyui → https://api.trycloudflare.com
[2026-05-25 04:22:26] dashboard STALE — restarting
[2026-05-25 04:22:37] dashboard → https://api.trycloudflare.com
[2026-05-25 04:22:57] ipmi STALE — restarting
[2026-05-25 04:23:08] ipmi → https://api.trycloudflare.com
[2026-05-25 04:23:28] atinus STALE — restarting
[2026-05-25 04:23:39] atinus → https://api.trycloudflare.com
[2026-05-25 04:23:59] grafana STALE — restarting
[2026-05-25 04:24:07] grafana FAILED to get new URL
[2026-05-25 04:24:27] obsidian STALE — restarting
[2026-05-25 04:24:35] obsidian FAILED to get new URL
  [chat] → https://api.trycloudflare.com
  [comfyui] → https://api.trycloudflare.com
  [dashboard] → https://api.trycloudflare.com
  [grafana] → https://cultures-inflation-algebra-plastic.trycloudflare.com
  [obsidian] → https://reef-surname-artificial-transaction.trycloudflare.com
  [ipmi] → https://api.trycloudflare.com
  [atinus] → https://api.trycloudflare.com
✓ 7 URL replacement(s) applied
✓ URLs unchanged — no push needed
[2026-05-25 04:24:35] Links page updated
[2026-05-25 04:24:35] Health check done
[2026-05-25 04:31:04] Health check starting
[2026-05-25 04:31:24] chat STALE — restarting
[2026-05-25 04:31:35] chat → https://api.trycloudflare.com
[2026-05-25 04:31:55] comfyui STALE — restarting
[2026-05-25 04:32:06] comfyui → https://api.trycloudflare.com
[2026-05-25 04:32:26] dashboard STALE — restarting
[2026-05-25 04:32:37] dashboard → https://api.trycloudflare.com
[2026-05-25 04:32:57] ipmi STALE — restarting
[2026-05-25 04:33:08] ipmi → https://api.trycloudflare.com
[2026-05-25 04:33:28] atinus STALE — restarting
[2026-05-25 04:33:39] atinus → https://api.trycloudflare.com
[2026-05-25 04:33:59] grafana STALE — restarting
[2026-05-25 04:34:07] grafana FAILED to get new URL
[2026-05-25 04:34:27] obsidian STALE — restarting
[2026-05-25 04:34:35] obsidian FAILED to get new URL
  [chat] → https://api.trycloudflare.com
  [comfyui] → https://api.trycloudflare.com
  [dashboard] → https://api.trycloudflare.com
  [grafana] → https://cultures-inflation-algebra-plastic.trycloudflare.com
  [obsidian] → https://reef-surname-artificial-transaction.trycloudflare.com
  [ipmi] → https://api.trycloudflare.com
  [atinus] → https://api.trycloudflare.com
✓ 7 URL replacement(s) applied
✓ URLs unchanged — no push needed
[2026-05-25 04:34:35] Links page updated
[2026-05-25 04:34:35] Health check done
[2026-05-25 04:41:08] Health check starting
[2026-05-25 04:41:28] chat STALE — restarting
[2026-05-25 04:41:39] chat → https://api.trycloudflare.com
[2026-05-25 04:41:59] comfyui STALE — restarting
[2026-05-25 04:42:10] comfyui → https://api.trycloudflare.com
[2026-05-25 04:42:30] dashboard STALE — restarting
[2026-05-25 04:42:41] dashboard → https://api.trycloudflare.com
[2026-05-25 04:43:01] ipmi STALE — restarting
[2026-05-25 04:43:12] ipmi → https://api.trycloudflare.com
[2026-05-25 04:43:32] atinus STALE — restarting
[2026-05-25 04:43:43] atinus → https://api.trycloudflare.com
[2026-05-25 04:44:03] grafana STALE — restarting
[2026-05-25 04:44:11] grafana FAILED to get new URL
[2026-05-25 04:44:31] obsidian STALE — restarting
[2026-05-25 04:44:39] obsidian FAILED to get new URL
  [chat] → https://api.trycloudflare.com
  [comfyui] → https://api.trycloudflare.com
  [dashboard] → https://api.trycloudflare.com
  [grafana] → https://cultures-inflation-algebra-plastic.trycloudflare.com
  [obsidian] → https://reef-surname-artificial-transaction.trycloudflare.com
  [ipmi] → https://api.trycloudflare.com
  [atinus] → https://api.trycloudflare.com
✓ 7 URL replacement(s) applied
✓ URLs unchanged — no push needed
[2026-05-25 04:44:39] Links page updated
[2026-05-25 04:44:39] Health check done
[2026-05-25 04:51:18] Health check starting
[2026-05-25 04:51:38] chat STALE — restarting
[2026-05-25 04:51:50] chat → https://api.trycloudflare.com
[2026-05-25 04:52:10] comfyui STALE — restarting
[2026-05-25 04:52:21] comfyui → https://api.trycloudflare.com
[2026-05-25 04:52:41] dashboard STALE — restarting
[2026-05-25 04:52:52] dashboard → https://api.trycloudflare.com
[2026-05-25 04:53:12] ipmi STALE — restarting
[2026-05-25 04:53:23] ipmi → https://api.trycloudflare.com
[2026-05-25 04:53:43] atinus STALE — restarting
[2026-05-25 04:53:54] atinus → https://api.trycloudflare.com
[2026-05-25 04:54:14] grafana STALE — restarting
[2026-05-25 04:54:22] grafana FAILED to get new URL
[2026-05-25 04:54:42] obsidian STALE — restarting
[2026-05-25 04:54:50] obsidian FAILED to get new URL
  [chat] → https://api.trycloudflare.com
  [comfyui] → https://api.trycloudflare.com
  [dashboard] → https://api.trycloudflare.com
  [grafana] → https://cultures-inflation-algebra-plastic.trycloudflare.com
  [obsidian] → https://reef-surname-artificial-transaction.trycloudflare.com
  [ipmi] → https://api.trycloudflare.com
  [atinus] → https://api.trycloudflare.com
✓ 7 URL replacement(s) applied
✓ URLs unchanged — no push needed
[2026-05-25 04:54:50] Links page updated
[2026-05-25 04:54:50] Health check done
[2026-05-25 05:01:18] Health check starting
[2026-05-25 05:01:39] chat STALE — restarting
[2026-05-25 05:01:50] chat → https://api.trycloudflare.com
[2026-05-25 05:02:10] comfyui STALE — restarting
[2026-05-25 05:02:21] comfyui → https://api.trycloudflare.com
[2026-05-25 05:02:41] dashboard STALE — restarting
[2026-05-25 05:02:52] dashboard → https://api.trycloudflare.com
[2026-05-25 05:03:12] ipmi STALE — restarting
[2026-05-25 05:03:23] ipmi → https://api.trycloudflare.com
[2026-05-25 05:03:43] atinus STALE — restarting
[2026-05-25 05:03:54] atinus → https://api.trycloudflare.com
[2026-05-25 05:04:14] grafana STALE — restarting
[2026-05-25 05:04:22] grafana FAILED to get new URL
[2026-05-25 05:04:42] obsidian STALE — restarting
[2026-05-25 05:04:50] obsidian FAILED to get new URL
  [chat] → https://api.trycloudflare.com
  [comfyui] → https://api.trycloudflare.com
  [dashboard] → https://api.trycloudflare.com
  [grafana] → https://cultures-inflation-algebra-plastic.trycloudflare.com
  [obsidian] → https://reef-surname-artificial-transaction.trycloudflare.com
  [ipmi] → https://api.trycloudflare.com
  [atinus] → https://api.trycloudflare.com
✓ 7 URL replacement(s) applied
✓ URLs unchanged — no push needed
[2026-05-25 05:04:50] Links page updated
[2026-05-25 05:04:50] Health check done
[2026-05-25 05:11:19] Health check starting
[2026-05-25 05:11:39] chat STALE — restarting
[2026-05-25 05:11:50] chat → https://api.trycloudflare.com
[2026-05-25 05:12:10] comfyui STALE — restarting
[2026-05-25 05:12:21] comfyui → https://api.trycloudflare.com
[2026-05-25 05:12:41] dashboard STALE — restarting
[2026-05-25 05:12:52] dashboard → https://api.trycloudflare.com
[2026-05-25 05:13:12] ipmi STALE — restarting
[2026-05-25 05:13:23] ipmi → https://api.trycloudflare.com
[2026-05-25 05:13:43] atinus STALE — restarting
[2026-05-25 05:13:54] atinus → https://api.trycloudflare.com
[2026-05-25 05:14:14] grafana STALE — restarting
[2026-05-25 05:14:22] grafana FAILED to get new URL
[2026-05-25 05:14:42] obsidian STALE — restarting
[2026-05-25 05:14:50] obsidian FAILED to get new URL
  [chat] → https://api.trycloudflare.com
  [comfyui] → https://api.trycloudflare.com
  [dashboard] → https://api.trycloudflare.com
  [grafana] → https://cultures-inflation-algebra-plastic.trycloudflare.com
  [obsidian] → https://reef-surname-artificial-transaction.trycloudflare.com
  [ipmi] → https://api.trycloudflare.com
  [atinus] → https://api.trycloudflare.com
✓ 7 URL replacement(s) applied
✓ URLs unchanged — no push needed
[2026-05-25 05:14:50] Links page updated
[2026-05-25 05:14:50] Health check done
[2026-05-25 05:21:33] Health check starting
[2026-05-25 05:21:53] chat STALE — restarting
[2026-05-25 05:22:05] chat → https://api.trycloudflare.com
[2026-05-25 05:22:25] comfyui STALE — restarting
[2026-05-25 05:22:36] comfyui → https://api.trycloudflare.com
[2026-05-25 05:22:56] dashboard STALE — restarting
[2026-05-25 05:23:07] dashboard → https://api.trycloudflare.com
[2026-05-25 05:23:27] ipmi STALE — restarting
[2026-05-25 05:23:38] ipmi → https://api.trycloudflare.com
[2026-05-25 05:23:58] atinus STALE — restarting
[2026-05-25 05:24:09] atinus → https://api.trycloudflare.com
[2026-05-25 05:24:29] grafana STALE — restarting
[2026-05-25 05:24:37] grafana FAILED to get new URL
[2026-05-25 05:24:57] obsidian STALE — restarting
[2026-05-25 05:25:05] obsidian FAILED to get new URL
  [chat] → https://api.trycloudflare.com
  [comfyui] → https://api.trycloudflare.com
  [dashboard] → https://api.trycloudflare.com
  [grafana] → https://cultures-inflation-algebra-plastic.trycloudflare.com
  [obsidian] → https://reef-surname-artificial-transaction.trycloudflare.com
  [ipmi] → https://api.trycloudflare.com
  [atinus] → https://api.trycloudflare.com
✓ 7 URL replacement(s) applied
✓ URLs unchanged — no push needed
[2026-05-25 05:25:05] Links page updated
[2026-05-25 05:25:05] Health check done
[2026-05-25 05:31:33] Health check starting
[2026-05-25 05:31:54] chat STALE — restarting
[2026-05-25 05:32:05] chat → https://api.trycloudflare.com
[2026-05-25 05:32:25] comfyui STALE — restarting
[2026-05-25 05:32:36] comfyui → https://api.trycloudflare.com
[2026-05-25 05:32:56] dashboard STALE — restarting
[2026-05-25 05:33:07] dashboard → https://api.trycloudflare.com
[2026-05-25 05:33:27] ipmi STALE — restarting
[2026-05-25 05:33:38] ipmi → https://api.trycloudflare.com
[2026-05-25 05:33:58] atinus STALE — restarting
[2026-05-25 05:34:09] atinus → https://api.trycloudflare.com
[2026-05-25 05:34:29] grafana STALE — restarting
[2026-05-25 05:34:37] grafana FAILED to get new URL
[2026-05-25 05:34:57] obsidian STALE — restarting
[2026-05-25 05:35:05] obsidian FAILED to get new URL
  [chat] → https://api.trycloudflare.com
  [comfyui] → https://api.trycloudflare.com
  [dashboard] → https://api.trycloudflare.com
  [grafana] → https://cultures-inflation-algebra-plastic.trycloudflare.com
  [obsidian] → https://reef-surname-artificial-transaction.trycloudflare.com
  [ipmi] → https://api.trycloudflare.com
  [atinus] → https://api.trycloudflare.com
✓ 7 URL replacement(s) applied
✓ URLs unchanged — no push needed
[2026-05-25 05:35:05] Links page updated
[2026-05-25 05:35:05] Health check done
[2026-05-25 05:41:34] Health check starting
[2026-05-25 05:41:54] chat STALE — restarting
[2026-05-25 05:42:05] chat → https://api.trycloudflare.com
[2026-05-25 05:42:25] comfyui STALE — restarting
[2026-05-25 05:42:36] comfyui → https://api.trycloudflare.com
[2026-05-25 05:42:56] dashboard STALE — restarting
[2026-05-25 05:43:07] dashboard → https://api.trycloudflare.com
[2026-05-25 05:43:27] ipmi STALE — restarting
[2026-05-25 05:43:38] ipmi → https://api.trycloudflare.com
[2026-05-25 05:43:58] atinus STALE — restarting
[2026-05-25 05:44:09] atinus → https://api.trycloudflare.com
[2026-05-25 05:44:29] grafana STALE — restarting
[2026-05-25 05:44:37] grafana FAILED to get new URL
[2026-05-25 05:44:57] obsidian STALE — restarting
[2026-05-25 05:45:05] obsidian FAILED to get new URL
  [chat] → https://api.trycloudflare.com
  [comfyui] → https://api.trycloudflare.com
  [dashboard] → https://api.trycloudflare.com
  [grafana] → https://cultures-inflation-algebra-plastic.trycloudflare.com
  [obsidian] → https://reef-surname-artificial-transaction.trycloudflare.com
  [ipmi] → https://api.trycloudflare.com
  [atinus] → https://api.trycloudflare.com
✓ 7 URL replacement(s) applied
✓ URLs unchanged — no push needed
[2026-05-25 05:45:05] Links page updated
[2026-05-25 05:45:05] Health check done
[2026-05-25 05:51:34] Health check starting
[2026-05-25 05:51:54] chat STALE — restarting
[2026-05-25 05:52:05] chat → https://api.trycloudflare.com
[2026-05-25 05:52:25] comfyui STALE — restarting
[2026-05-25 05:52:36] comfyui → https://api.trycloudflare.com
[2026-05-25 05:52:56] dashboard STALE — restarting
[2026-05-25 05:53:07] dashboard → https://api.trycloudflare.com
[2026-05-25 05:53:27] ipmi STALE — restarting
[2026-05-25 05:53:38] ipmi → https://api.trycloudflare.com
[2026-05-25 05:53:58] atinus STALE — restarting
[2026-05-25 05:54:09] atinus → https://api.trycloudflare.com
[2026-05-25 05:54:29] grafana STALE — restarting
[2026-05-25 05:54:37] grafana FAILED to get new URL
[2026-05-25 05:54:57] obsidian STALE — restarting
[2026-05-25 05:55:05] obsidian FAILED to get new URL
  [chat] → https://api.trycloudflare.com
  [comfyui] → https://api.trycloudflare.com
  [dashboard] → https://api.trycloudflare.com
  [grafana] → https://cultures-inflation-algebra-plastic.trycloudflare.com
  [obsidian] → https://reef-surname-artificial-transaction.trycloudflare.com
  [ipmi] → https://api.trycloudflare.com
  [atinus] → https://api.trycloudflare.com
✓ 7 URL replacement(s) applied
✓ URLs unchanged — no push needed
[2026-05-25 05:55:05] Links page updated
[2026-05-25 05:55:05] Health check done
[2026-05-25 06:01:35] Health check starting
[2026-05-25 06:01:55] chat STALE — restarting
[2026-05-25 06:02:06] chat → https://api.trycloudflare.com
[2026-05-25 06:02:26] comfyui STALE — restarting
[2026-05-25 06:02:37] comfyui → https://api.trycloudflare.com
[2026-05-25 06:02:57] dashboard STALE — restarting
[2026-05-25 06:03:08] dashboard → https://api.trycloudflare.com
[2026-05-25 06:03:28] ipmi STALE — restarting
[2026-05-25 06:03:39] ipmi → https://api.trycloudflare.com
[2026-05-25 06:03:59] atinus STALE — restarting
[2026-05-25 06:04:10] atinus → https://api.trycloudflare.com
[2026-05-25 06:04:30] grafana STALE — restarting
[2026-05-25 06:04:38] grafana FAILED to get new URL
[2026-05-25 06:04:58] obsidian STALE — restarting
[2026-05-25 06:05:06] obsidian FAILED to get new URL
  [chat] → https://api.trycloudflare.com
  [comfyui] → https://api.trycloudflare.com
  [dashboard] → https://api.trycloudflare.com
  [grafana] → https://cultures-inflation-algebra-plastic.trycloudflare.com
  [obsidian] → https://reef-surname-artificial-transaction.trycloudflare.com
  [ipmi] → https://api.trycloudflare.com
  [atinus] → https://api.trycloudflare.com
✓ 7 URL replacement(s) applied
✓ URLs unchanged — no push needed
[2026-05-25 06:05:06] Links page updated
[2026-05-25 06:05:06] Health check done
[2026-05-25 06:11:40] Health check starting
[2026-05-25 06:12:00] chat STALE — restarting
[2026-05-25 06:12:11] chat → https://api.trycloudflare.com
[2026-05-25 06:12:31] comfyui STALE — restarting
[2026-05-25 06:12:42] comfyui → https://api.trycloudflare.com
[2026-05-25 06:13:02] dashboard STALE — restarting
[2026-05-25 06:13:13] dashboard → https://api.trycloudflare.com
[2026-05-25 06:13:33] ipmi STALE — restarting
[2026-05-25 06:13:44] ipmi → https://api.trycloudflare.com
[2026-05-25 06:14:04] atinus STALE — restarting
[2026-05-25 06:14:15] atinus → https://api.trycloudflare.com
[2026-05-25 06:14:35] grafana STALE — restarting
[2026-05-25 06:14:43] grafana FAILED to get new URL
[2026-05-25 06:15:03] obsidian STALE — restarting
[2026-05-25 06:15:12] obsidian FAILED to get new URL
  [chat] → https://api.trycloudflare.com
  [comfyui] → https://api.trycloudflare.com
  [dashboard] → https://api.trycloudflare.com
  [grafana] → https://cultures-inflation-algebra-plastic.trycloudflare.com
  [obsidian] → https://reef-surname-artificial-transaction.trycloudflare.com
  [ipmi] → https://api.trycloudflare.com
  [atinus] → https://api.trycloudflare.com
✓ 7 URL replacement(s) applied
✓ URLs unchanged — no push needed
[2026-05-25 06:15:12] Links page updated
[2026-05-25 06:15:12] Health check done
[2026-05-25 06:21:40] Health check starting
[2026-05-25 06:22:00] chat STALE — restarting
[2026-05-25 06:22:11] chat → https://api.trycloudflare.com
[2026-05-25 06:22:32] comfyui STALE — restarting
[2026-05-25 06:22:43] comfyui → https://api.trycloudflare.com
[2026-05-25 06:23:03] dashboard STALE — restarting
[2026-05-25 06:23:14] dashboard → https://api.trycloudflare.com
[2026-05-25 06:23:34] ipmi STALE — restarting
[2026-05-25 06:23:45] ipmi → https://api.trycloudflare.com
[2026-05-25 06:24:05] atinus STALE — restarting
[2026-05-25 06:24:16] atinus → https://api.trycloudflare.com
[2026-05-25 06:24:36] grafana STALE — restarting
[2026-05-25 06:24:44] grafana FAILED to get new URL
[2026-05-25 06:25:04] obsidian STALE — restarting
[2026-05-25 06:25:12] obsidian FAILED to get new URL
  [chat] → https://api.trycloudflare.com
  [comfyui] → https://api.trycloudflare.com
  [dashboard] → https://api.trycloudflare.com
  [grafana] → https://cultures-inflation-algebra-plastic.trycloudflare.com
  [obsidian] → https://reef-surname-artificial-transaction.trycloudflare.com
  [ipmi] → https://api.trycloudflare.com
  [atinus] → https://api.trycloudflare.com
✓ 7 URL replacement(s) applied
✓ URLs unchanged — no push needed
[2026-05-25 06:25:12] Links page updated
[2026-05-25 06:25:12] Health check done
[2026-05-25 06:31:48] Health check starting
[2026-05-25 06:32:08] chat STALE — restarting
[2026-05-25 06:32:20] chat → https://api.trycloudflare.com
[2026-05-25 06:32:40] comfyui STALE — restarting
[2026-05-25 06:32:51] comfyui → https://api.trycloudflare.com
[2026-05-25 06:33:11] dashboard STALE — restarting
[2026-05-25 06:33:22] dashboard → https://api.trycloudflare.com
[2026-05-25 06:33:42] ipmi STALE — restarting
[2026-05-25 06:33:53] ipmi → https://api.trycloudflare.com
[2026-05-25 06:34:13] atinus STALE — restarting
[2026-05-25 06:34:24] atinus → https://api.trycloudflare.com
[2026-05-25 06:34:44] grafana STALE — restarting
[2026-05-25 06:34:52] grafana FAILED to get new URL
[2026-05-25 06:35:12] obsidian STALE — restarting
[2026-05-25 06:35:20] obsidian FAILED to get new URL
  [chat] → https://api.trycloudflare.com
  [comfyui] → https://api.trycloudflare.com
  [dashboard] → https://api.trycloudflare.com
  [grafana] → https://cultures-inflation-algebra-plastic.trycloudflare.com
  [obsidian] → https://reef-surname-artificial-transaction.trycloudflare.com
  [ipmi] → https://api.trycloudflare.com
  [atinus] → https://api.trycloudflare.com
✓ 7 URL replacement(s) applied
✓ URLs unchanged — no push needed
[2026-05-25 06:35:20] Links page updated
[2026-05-25 06:35:20] Health check done
[2026-05-25 06:41:48] Health check starting
[2026-05-25 06:42:09] chat STALE — restarting
[2026-05-25 06:42:20] chat → https://api.trycloudflare.com
[2026-05-25 06:42:40] comfyui STALE — restarting
[2026-05-25 06:42:51] comfyui → https://api.trycloudflare.com
[2026-05-25 06:43:11] dashboard STALE — restarting
[2026-05-25 06:43:22] dashboard → https://api.trycloudflare.com
[2026-05-25 06:43:42] ipmi STALE — restarting
[2026-05-25 06:43:53] ipmi → https://api.trycloudflare.com
[2026-05-25 06:44:13] atinus STALE — restarting
[2026-05-25 06:44:24] atinus → https://api.trycloudflare.com
[2026-05-25 06:44:44] grafana STALE — restarting
[2026-05-25 06:44:52] grafana FAILED to get new URL
[2026-05-25 06:45:12] obsidian STALE — restarting
[2026-05-25 06:45:20] obsidian FAILED to get new URL
  [chat] → https://api.trycloudflare.com
  [comfyui] → https://api.trycloudflare.com
  [dashboard] → https://api.trycloudflare.com
  [grafana] → https://cultures-inflation-algebra-plastic.trycloudflare.com
  [obsidian] → https://reef-surname-artificial-transaction.trycloudflare.com
  [ipmi] → https://api.trycloudflare.com
  [atinus] → https://api.trycloudflare.com
✓ 7 URL replacement(s) applied
✓ URLs unchanged — no push needed
[2026-05-25 06:45:20] Links page updated
[2026-05-25 06:45:20] Health check done
[2026-05-25 06:51:49] Health check starting
[2026-05-25 06:52:09] chat STALE — restarting
[2026-05-25 06:52:20] chat → https://api.trycloudflare.com
[2026-05-25 06:52:40] comfyui STALE — restarting
[2026-05-25 06:52:51] comfyui → https://api.trycloudflare.com
[2026-05-25 06:53:11] dashboard STALE — restarting
[2026-05-25 06:53:22] dashboard → https://api.trycloudflare.com
[2026-05-25 06:53:42] ipmi STALE — restarting
[2026-05-25 06:53:53] ipmi → https://api.trycloudflare.com
[2026-05-25 06:54:13] atinus STALE — restarting
[2026-05-25 06:54:24] atinus → https://api.trycloudflare.com
[2026-05-25 06:54:44] grafana STALE — restarting
[2026-05-25 06:54:52] grafana FAILED to get new URL
[2026-05-25 06:55:12] obsidian STALE — restarting
[2026-05-25 06:55:20] obsidian FAILED to get new URL
  [chat] → https://api.trycloudflare.com
  [comfyui] → https://api.trycloudflare.com
  [dashboard] → https://api.trycloudflare.com
  [grafana] → https://cultures-inflation-algebra-plastic.trycloudflare.com
  [obsidian] → https://reef-surname-artificial-transaction.trycloudflare.com
  [ipmi] → https://api.trycloudflare.com
  [atinus] → https://api.trycloudflare.com
✓ 7 URL replacement(s) applied
✓ URLs unchanged — no push needed
[2026-05-25 06:55:20] Links page updated
[2026-05-25 06:55:20] Health check done
[2026-05-25 07:01:55] Health check starting
[2026-05-25 07:02:15] chat STALE — restarting
[2026-05-25 07:02:26] chat → https://api.trycloudflare.com
[2026-05-25 07:02:46] comfyui STALE — restarting
[2026-05-25 07:02:57] comfyui → https://api.trycloudflare.com
[2026-05-25 07:03:17] dashboard STALE — restarting
[2026-05-25 07:03:28] dashboard → https://api.trycloudflare.com
[2026-05-25 07:03:48] ipmi STALE — restarting
[2026-05-25 07:03:59] ipmi → https://api.trycloudflare.com
[2026-05-25 07:04:19] atinus STALE — restarting
[2026-05-25 07:04:30] atinus → https://api.trycloudflare.com
[2026-05-25 07:04:50] grafana STALE — restarting
[2026-05-25 07:04:58] grafana FAILED to get new URL
[2026-05-25 07:05:19] obsidian STALE — restarting
[2026-05-25 07:05:27] obsidian FAILED to get new URL
  [chat] → https://api.trycloudflare.com
  [comfyui] → https://api.trycloudflare.com
  [dashboard] → https://api.trycloudflare.com
  [grafana] → https://cultures-inflation-algebra-plastic.trycloudflare.com
  [obsidian] → https://reef-surname-artificial-transaction.trycloudflare.com
  [ipmi] → https://api.trycloudflare.com
  [atinus] → https://api.trycloudflare.com
✓ 7 URL replacement(s) applied
✓ URLs unchanged — no push needed
[2026-05-25 07:05:27] Links page updated
[2026-05-25 07:05:27] Health check done
[2026-05-25 07:12:03] Health check starting
[2026-05-25 07:12:23] chat STALE — restarting
[2026-05-25 07:12:35] chat → https://api.trycloudflare.com
[2026-05-25 07:12:55] comfyui STALE — restarting
[2026-05-25 07:13:06] comfyui → https://api.trycloudflare.com
[2026-05-25 07:13:26] dashboard STALE — restarting
[2026-05-25 07:13:37] dashboard → https://api.trycloudflare.com
[2026-05-25 07:13:57] ipmi STALE — restarting
[2026-05-25 07:14:08] ipmi → https://api.trycloudflare.com
[2026-05-25 07:14:28] atinus STALE — restarting
[2026-05-25 07:14:39] atinus → https://api.trycloudflare.com
[2026-05-25 07:14:59] grafana STALE — restarting
[2026-05-25 07:15:07] grafana FAILED to get new URL
[2026-05-25 07:15:27] obsidian STALE — restarting
[2026-05-25 07:15:35] obsidian FAILED to get new URL
  [chat] → https://api.trycloudflare.com
  [comfyui] → https://api.trycloudflare.com
  [dashboard] → https://api.trycloudflare.com
  [grafana] → https://cultures-inflation-algebra-plastic.trycloudflare.com
  [obsidian] → https://reef-surname-artificial-transaction.trycloudflare.com
  [ipmi] → https://api.trycloudflare.com
  [atinus] → https://api.trycloudflare.com
✓ 7 URL replacement(s) applied
✓ URLs unchanged — no push needed
[2026-05-25 07:15:35] Links page updated
[2026-05-25 07:15:35] Health check done
[2026-05-25 07:22:03] Health check starting
[2026-05-25 07:22:24] chat STALE — restarting
[2026-05-25 07:22:35] chat → https://api.trycloudflare.com
[2026-05-25 07:22:55] comfyui STALE — restarting
[2026-05-25 07:23:06] comfyui → https://api.trycloudflare.com
[2026-05-25 07:23:26] dashboard STALE — restarting
[2026-05-25 07:23:37] dashboard → https://api.trycloudflare.com
[2026-05-25 07:23:57] ipmi STALE — restarting
[2026-05-25 07:24:08] ipmi → https://api.trycloudflare.com
[2026-05-25 07:24:28] atinus STALE — restarting
[2026-05-25 07:24:39] atinus → https://api.trycloudflare.com
[2026-05-25 07:24:59] grafana STALE — restarting
[2026-05-25 07:25:07] grafana FAILED to get new URL
[2026-05-25 07:25:27] obsidian STALE — restarting
[2026-05-25 07:25:35] obsidian FAILED to get new URL
  [chat] → https://api.trycloudflare.com
  [comfyui] → https://api.trycloudflare.com
  [dashboard] → https://api.trycloudflare.com
  [grafana] → https://cultures-inflation-algebra-plastic.trycloudflare.com
  [obsidian] → https://reef-surname-artificial-transaction.trycloudflare.com
  [ipmi] → https://api.trycloudflare.com
  [atinus] → https://api.trycloudflare.com
✓ 7 URL replacement(s) applied
✓ URLs unchanged — no push needed
[2026-05-25 07:25:35] Links page updated
[2026-05-25 07:25:35] Health check done
[2026-05-25 07:32:03] Health check starting
[2026-05-25 07:32:24] chat STALE — restarting
[2026-05-25 07:32:35] chat → https://api.trycloudflare.com
[2026-05-25 07:32:55] comfyui STALE — restarting
[2026-05-25 07:33:06] comfyui → https://api.trycloudflare.com
[2026-05-25 07:33:26] dashboard STALE — restarting
[2026-05-25 07:33:37] dashboard → https://api.trycloudflare.com
[2026-05-25 07:33:57] ipmi STALE — restarting
[2026-05-25 07:34:08] ipmi → https://api.trycloudflare.com
[2026-05-25 07:34:28] atinus STALE — restarting
[2026-05-25 07:34:39] atinus → https://api.trycloudflare.com
[2026-05-25 07:34:59] grafana STALE — restarting
[2026-05-25 07:35:07] grafana FAILED to get new URL
[2026-05-25 07:35:27] obsidian STALE — restarting
[2026-05-25 07:35:35] obsidian FAILED to get new URL
  [chat] → https://api.trycloudflare.com
  [comfyui] → https://api.trycloudflare.com
  [dashboard] → https://api.trycloudflare.com
  [grafana] → https://cultures-inflation-algebra-plastic.trycloudflare.com
  [obsidian] → https://reef-surname-artificial-transaction.trycloudflare.com
  [ipmi] → https://api.trycloudflare.com
  [atinus] → https://api.trycloudflare.com
✓ 7 URL replacement(s) applied
✓ URLs unchanged — no push needed
[2026-05-25 07:35:35] Links page updated
[2026-05-25 07:35:35] Health check done
[2026-05-25 07:42:04] Health check starting
[2026-05-25 07:42:24] chat STALE — restarting
[2026-05-25 07:42:35] chat → https://api.trycloudflare.com
[2026-05-25 07:42:55] comfyui STALE — restarting
[2026-05-25 07:43:06] comfyui → https://api.trycloudflare.com
[2026-05-25 07:43:26] dashboard STALE — restarting
[2026-05-25 07:43:37] dashboard → https://api.trycloudflare.com
[2026-05-25 07:43:57] ipmi STALE — restarting
[2026-05-25 07:44:08] ipmi → https://api.trycloudflare.com
[2026-05-25 07:44:28] atinus STALE — restarting
[2026-05-25 07:44:39] atinus → https://api.trycloudflare.com
[2026-05-25 07:44:59] grafana STALE — restarting
[2026-05-25 07:45:07] grafana FAILED to get new URL
[2026-05-25 07:45:27] obsidian STALE — restarting
[2026-05-25 07:45:35] obsidian FAILED to get new URL
  [chat] → https://api.trycloudflare.com
  [comfyui] → https://api.trycloudflare.com
  [dashboard] → https://api.trycloudflare.com
  [grafana] → https://cultures-inflation-algebra-plastic.trycloudflare.com
  [obsidian] → https://reef-surname-artificial-transaction.trycloudflare.com
  [ipmi] → https://api.trycloudflare.com
  [atinus] → https://api.trycloudflare.com
✓ 7 URL replacement(s) applied
✓ URLs unchanged — no push needed
[2026-05-25 07:45:35] Links page updated
[2026-05-25 07:45:35] Health check done
[2026-05-25 07:52:07] Health check starting
[2026-05-25 07:52:27] chat STALE — restarting
[2026-05-25 07:52:38] chat → https://api.trycloudflare.com
[2026-05-25 07:52:58] comfyui STALE — restarting
[2026-05-25 07:53:09] comfyui → https://api.trycloudflare.com
[2026-05-25 07:53:29] dashboard STALE — restarting
[2026-05-25 07:53:40] dashboard → https://api.trycloudflare.com
[2026-05-25 07:54:00] ipmi STALE — restarting
[2026-05-25 07:54:11] ipmi → https://api.trycloudflare.com
[2026-05-25 07:54:31] atinus STALE — restarting
[2026-05-25 07:54:42] atinus → https://api.trycloudflare.com
[2026-05-25 07:55:02] grafana STALE — restarting
[2026-05-25 07:55:10] grafana FAILED to get new URL
[2026-05-25 07:55:30] obsidian STALE — restarting
[2026-05-25 07:55:38] obsidian FAILED to get new URL
  [chat] → https://api.trycloudflare.com
  [comfyui] → https://api.trycloudflare.com
  [dashboard] → https://api.trycloudflare.com
  [grafana] → https://cultures-inflation-algebra-plastic.trycloudflare.com
  [obsidian] → https://reef-surname-artificial-transaction.trycloudflare.com
  [ipmi] → https://api.trycloudflare.com
  [atinus] → https://api.trycloudflare.com
✓ 7 URL replacement(s) applied
✓ URLs unchanged — no push needed
[2026-05-25 07:55:38] Links page updated
[2026-05-25 07:55:38] Health check done
[2026-05-25 08:02:18] Health check starting
[2026-05-25 08:02:39] chat STALE — restarting
[2026-05-25 08:02:50] chat → https://api.trycloudflare.com
[2026-05-25 08:03:10] comfyui STALE — restarting
[2026-05-25 08:03:21] comfyui → https://api.trycloudflare.com
[2026-05-25 08:03:41] dashboard STALE — restarting
[2026-05-25 08:03:52] dashboard → https://api.trycloudflare.com
[2026-05-25 08:04:12] ipmi STALE — restarting
[2026-05-25 08:04:23] ipmi → https://api.trycloudflare.com
[2026-05-25 08:04:43] atinus STALE — restarting
[2026-05-25 08:04:54] atinus → https://api.trycloudflare.com
[2026-05-25 08:05:14] grafana STALE — restarting
[2026-05-25 08:05:22] grafana FAILED to get new URL
[2026-05-25 08:05:42] obsidian STALE — restarting
[2026-05-25 08:05:50] obsidian FAILED to get new URL
  [chat] → https://api.trycloudflare.com
  [comfyui] → https://api.trycloudflare.com
  [dashboard] → https://api.trycloudflare.com
  [grafana] → https://cultures-inflation-algebra-plastic.trycloudflare.com
  [obsidian] → https://reef-surname-artificial-transaction.trycloudflare.com
  [ipmi] → https://api.trycloudflare.com
  [atinus] → https://api.trycloudflare.com
✓ 7 URL replacement(s) applied
✓ URLs unchanged — no push needed
[2026-05-25 08:05:50] Links page updated
[2026-05-25 08:05:50] Health check done
[2026-05-25 08:12:18] Health check starting
[2026-05-25 08:12:39] chat STALE — restarting
[2026-05-25 08:12:50] chat → https://api.trycloudflare.com
[2026-05-25 08:13:07] comfyui STALE — restarting
[2026-05-25 08:13:18] comfyui → https://api.trycloudflare.com
[2026-05-25 08:13:21] dashboard STALE — restarting
[2026-05-25 08:13:22] dashboard → https://api.trycloudflare.com
[2026-05-25 08:13:22] ipmi STALE — restarting
[2026-05-25 08:13:23] ipmi → https://api.trycloudflare.com
[2026-05-25 08:13:23] atinus STALE — restarting
[2026-05-25 08:13:24] atinus → https://api.trycloudflare.com
[2026-05-25 08:13:24] grafana STALE — restarting
[2026-05-25 08:13:32] grafana FAILED to get new URL
[2026-05-25 08:13:32] obsidian STALE — restarting
[2026-05-25 08:13:40] obsidian FAILED to get new URL
  [chat] → https://api.trycloudflare.com
  [comfyui] → https://api.trycloudflare.com
  [dashboard] → https://api.trycloudflare.com
  [grafana] → https://cultures-inflation-algebra-plastic.trycloudflare.com
  [obsidian] → https://reef-surname-artificial-transaction.trycloudflare.com
  [ipmi] → https://api.trycloudflare.com
  [atinus] → https://api.trycloudflare.com
✓ 7 URL replacement(s) applied
✓ URLs unchanged — no push needed
[2026-05-25 08:13:40] Links page updated
[2026-05-25 08:13:40] Health check done
[2026-05-25 08:22:19] Health check starting
[2026-05-25 08:22:19] grafana STALE — restarting
[2026-05-25 08:22:27] grafana FAILED to get new URL
[2026-05-25 08:22:27] obsidian STALE — restarting
[2026-05-25 08:22:35] obsidian FAILED to get new URL
[2026-05-25 08:22:35] Health check done
[2026-05-25 08:32:19] Health check starting
[2026-05-25 08:32:19] grafana STALE — restarting
[2026-05-25 08:32:27] grafana FAILED to get new URL
[2026-05-25 08:32:28] obsidian STALE — restarting
[2026-05-25 08:32:36] obsidian FAILED to get new URL
[2026-05-25 08:32:36] Health check done
[2026-05-25 08:42:29] Health check starting
[2026-05-25 08:42:30] grafana STALE — restarting
[2026-05-25 08:42:38] grafana FAILED to get new URL
[2026-05-25 08:42:38] obsidian STALE — restarting
[2026-05-25 08:42:46] obsidian FAILED to get new URL
[2026-05-25 08:42:46] Health check done
[2026-05-25 08:52:31] Health check starting
[2026-05-25 08:52:31] grafana STALE — restarting
[2026-05-25 08:52:39] grafana FAILED to get new URL
[2026-05-25 08:52:40] obsidian STALE — restarting
[2026-05-25 08:52:48] obsidian FAILED to get new URL
[2026-05-25 08:52:48] Health check done
[2026-05-25 09:02:33] Health check starting
[2026-05-25 09:02:34] grafana STALE — restarting
[2026-05-25 09:02:42] grafana FAILED to get new URL
[2026-05-25 09:02:42] obsidian STALE — restarting
[2026-05-25 09:02:50] obsidian FAILED to get new URL
[2026-05-25 09:02:50] Health check done
[2026-05-25 09:12:33] Health check starting
[2026-05-25 09:12:34] grafana STALE — restarting
[2026-05-25 09:12:42] grafana FAILED to get new URL
[2026-05-25 09:12:42] obsidian STALE — restarting
[2026-05-25 09:12:50] obsidian FAILED to get new URL
[2026-05-25 09:12:50] Health check done
[2026-05-25 09:22:33] Health check starting
[2026-05-25 09:22:34] grafana STALE — restarting
[2026-05-25 09:22:42] grafana FAILED to get new URL
[2026-05-25 09:22:42] obsidian STALE — restarting
[2026-05-25 09:22:50] obsidian FAILED to get new URL
[2026-05-25 09:22:50] Health check done
[2026-05-25 09:32:33] Health check starting
[2026-05-25 09:32:34] grafana STALE — restarting
[2026-05-25 09:32:42] grafana FAILED to get new URL
[2026-05-25 09:32:42] obsidian STALE — restarting
[2026-05-25 09:32:50] obsidian FAILED to get new URL
[2026-05-25 09:32:50] Health check done
[2026-05-25 09:42:34] Health check starting
[2026-05-25 09:42:34] grafana STALE — restarting
[2026-05-25 09:42:42] grafana FAILED to get new URL
[2026-05-25 09:42:42] obsidian STALE — restarting
[2026-05-25 09:42:50] obsidian FAILED to get new URL
[2026-05-25 09:42:50] Health check done
[2026-05-25 09:52:45] Health check starting
[2026-05-25 09:52:46] chat STALE — restarting
[2026-05-25 11:53:49] Health check starting
[2026-05-25 11:53:57] Health check done
[2026-05-25 12:03:49] Health check starting
[2026-05-25 12:03:57] Health check done
[2026-05-25 12:14:04] Health check starting
[2026-05-25 12:14:12] Health check done
[2026-05-25 12:24:04] Health check starting
[2026-05-25 12:24:12] Health check done
[2026-05-25 12:34:04] Health check starting
[2026-05-25 12:34:12] Health check done
[2026-05-25 12:44:04] Health check starting
[2026-05-25 12:44:12] Health check done
[2026-05-25 12:54:04] Health check starting
[2026-05-25 12:54:12] Health check done
[2026-05-25 13:04:04] Health check starting
[2026-05-25 13:04:12] Health check done
[2026-05-25 13:14:15] Health check starting
[2026-05-25 13:14:23] Health check done
[2026-05-25 13:24:19] Health check starting
[2026-05-25 13:24:28] Health check done
[2026-05-25 13:34:19] Health check starting
[2026-05-25 13:34:27] Health check done
[2026-05-25 13:44:19] Health check starting
[2026-05-25 13:44:27] Health check done
[2026-05-25 13:54:25] Health check starting
[2026-05-25 13:54:33] Health check done
[2026-05-25 14:04:34] Health check starting
[2026-05-25 14:04:42] Health check done
[2026-05-25 14:14:34] Health check starting
[2026-05-25 14:14:42] Health check done
[2026-05-25 14:24:34] Health check starting
[2026-05-25 14:24:42] Health check done
[2026-05-25 14:34:37] Health check starting
[2026-05-25 14:34:45] Health check done
[2026-05-25 14:44:49] Health check starting
[2026-05-25 14:44:57] Health check done
[2026-05-25 14:54:49] Health check starting
[2026-05-25 14:54:58] Health check done
[2026-05-25 15:04:49] Health check starting
[2026-05-25 15:04:57] Health check done
[2026-05-25 15:14:49] Health check starting
[2026-05-25 15:14:58] Health check done
[2026-05-25 15:24:49] Health check starting
[2026-05-25 15:24:57] Health check done
[2026-05-25 15:35:04] Health check starting
[2026-05-25 15:35:12] Health check done
[2026-05-25 15:45:04] Health check starting
[2026-05-25 15:45:13] Health check done
[2026-05-25 15:55:15] Health check starting
[2026-05-25 15:55:23] Health check done
[2026-05-25 16:05:15] Health check starting
[2026-05-25 16:05:23] Health check done
[2026-05-25 16:15:19] Health check starting
[2026-05-25 16:15:27] Health check done
[2026-05-25 16:25:19] Health check starting
[2026-05-25 16:25:27] Health check done
[2026-05-25 16:35:19] Health check starting
[2026-05-25 16:35:28] Health check done
[2026-05-25 16:45:19] Health check starting
[2026-05-25 16:45:27] Health check done
[2026-05-25 16:55:19] Health check starting
[2026-05-25 16:55:27] Health check done
[2026-05-25 17:05:19] Health check starting
[2026-05-25 17:05:27] Health check done
[2026-05-25 17:15:21] Health check starting
[2026-05-25 17:15:29] Health check done
[2026-05-25 17:25:34] Health check starting
[2026-05-25 17:25:42] Health check done
[2026-05-25 17:35:34] Health check starting
[2026-05-25 17:35:42] Health check done
[2026-05-25 17:45:49] Health check starting
[2026-05-25 17:45:56] Health check done
[2026-05-25 17:55:49] Health check starting
[2026-05-25 17:55:56] Health check done
[2026-05-25 18:05:49] Health check starting
[2026-05-25 18:05:57] Health check done
[2026-05-25 18:16:00] Health check starting
[2026-05-25 18:16:08] Health check done
[2026-05-25 18:26:03] Health check starting
[2026-05-25 18:26:11] Health check done
[2026-05-25 18:36:04] Health check starting
[2026-05-25 18:36:12] Health check done
[2026-05-25 18:46:04] Health check starting
[2026-05-25 18:46:12] Health check done
[2026-05-25 18:56:04] Health check starting
[2026-05-25 18:56:12] Health check done
[2026-05-25 19:06:15] Health check starting
[2026-05-25 19:06:23] Health check done
[2026-05-25 19:16:19] Health check starting
[2026-05-25 19:16:27] Health check done
[2026-05-25 19:26:19] Health check starting
[2026-05-25 19:26:27] Health check done
[2026-05-25 19:36:19] Health check starting
[2026-05-25 19:36:26] Health check done
[2026-05-25 19:46:19] Health check starting
[2026-05-25 19:46:27] Health check done
[2026-05-25 19:56:19] Health check starting
[2026-05-25 19:56:27] Health check done
[2026-05-25 20:06:34] Health check starting
[2026-05-25 20:06:42] Health check done
[2026-05-25 20:16:34] Health check starting
[2026-05-25 20:16:41] Health check done
[2026-05-25 20:26:34] Health check starting
[2026-05-25 20:26:41] Health check done
[2026-05-25 20:36:34] Health check starting
[2026-05-25 20:36:42] Health check done
[2026-05-25 20:46:42] Health check starting
[2026-05-25 20:46:49] Health check done
[2026-05-25 20:56:49] Health check starting
[2026-05-25 20:56:56] Health check done
[2026-05-25 21:06:49] Health check starting
[2026-05-25 21:06:57] Health check done
[2026-05-25 21:16:49] Health check starting
[2026-05-25 21:16:57] Health check done
[2026-05-25 21:27:04] Health check starting
[2026-05-25 21:27:12] Health check done
[2026-05-25 21:37:04] Health check starting
[2026-05-25 21:37:12] Health check done
[2026-05-25 21:47:04] Health check starting
[2026-05-25 21:47:09] grafana STALE — restarting
[2026-05-25 21:47:17] grafana FAILED to get new URL
[2026-05-25 21:47:17] obsidian STALE — restarting
[2026-05-25 21:47:25] obsidian FAILED to get new URL
[2026-05-25 21:47:25] Health check done
[2026-05-25 21:57:15] Health check starting
[2026-05-25 21:57:21] grafana STALE — restarting
[2026-05-25 21:57:29] grafana FAILED to get new URL
[2026-05-25 21:57:29] obsidian STALE — restarting
[2026-05-25 21:57:37] obsidian FAILED to get new URL
[2026-05-25 21:57:37] Health check done
[2026-05-25 22:07:19] Health check starting
[2026-05-25 22:07:24] grafana STALE — restarting
[2026-05-25 22:07:32] grafana FAILED to get new URL
[2026-05-25 22:07:32] obsidian STALE — restarting
[2026-05-25 22:07:40] obsidian FAILED to get new URL
[2026-05-25 22:07:40] Health check done
[2026-05-25 22:17:19] Health check starting
[2026-05-25 22:17:24] grafana STALE — restarting
[2026-05-25 22:17:32] grafana FAILED to get new URL
[2026-05-25 22:17:32] obsidian STALE — restarting
[2026-05-25 22:17:40] obsidian FAILED to get new URL
[2026-05-25 22:17:40] Health check done
[2026-05-25 22:27:19] Health check starting
[2026-05-25 22:27:25] grafana STALE — restarting
[2026-05-25 22:27:33] grafana FAILED to get new URL
[2026-05-25 22:27:33] obsidian STALE — restarting
[2026-05-25 22:27:41] obsidian FAILED to get new URL
[2026-05-25 22:27:41] Health check done
[2026-05-25 22:37:24] Health check starting
[2026-05-25 22:37:29] grafana STALE — restarting
[2026-05-25 22:37:37] grafana FAILED to get new URL
[2026-05-25 22:37:37] obsidian STALE — restarting
[2026-05-25 22:37:45] obsidian FAILED to get new URL
[2026-05-25 22:37:45] Health check done
[2026-05-25 22:47:34] Health check starting
[2026-05-25 22:47:39] grafana STALE — restarting
[2026-05-25 22:47:47] grafana FAILED to get new URL
[2026-05-25 22:47:47] obsidian STALE — restarting
[2026-05-25 22:47:55] obsidian FAILED to get new URL
[2026-05-25 22:47:55] Health check done
[2026-05-25 22:57:34] Health check starting
[2026-05-25 22:57:39] grafana STALE — restarting
[2026-05-25 22:57:47] grafana FAILED to get new URL
[2026-05-25 22:57:47] obsidian STALE — restarting
[2026-05-25 22:57:55] obsidian FAILED to get new URL
[2026-05-25 22:57:55] Health check done
[2026-05-25 23:07:34] Health check starting
[2026-05-25 23:07:39] grafana STALE — restarting
[2026-05-25 23:07:47] grafana FAILED to get new URL
[2026-05-25 23:07:47] obsidian STALE — restarting
[2026-05-25 23:07:55] obsidian FAILED to get new URL
[2026-05-25 23:07:55] Health check done
[2026-05-25 23:17:34] Health check starting
[2026-05-25 23:17:39] grafana STALE — restarting
[2026-05-25 23:17:47] grafana FAILED to get new URL
[2026-05-25 23:17:47] obsidian STALE — restarting
[2026-05-25 23:17:55] obsidian FAILED to get new URL
[2026-05-25 23:17:55] Health check done
[2026-05-25 23:27:39] Health check starting
[2026-05-25 23:27:44] grafana STALE — restarting
[2026-05-25 23:27:52] grafana FAILED to get new URL
[2026-05-25 23:27:52] obsidian STALE — restarting
[2026-05-25 23:28:00] obsidian FAILED to get new URL
[2026-05-25 23:28:00] Health check done
[2026-05-25 23:37:41] Health check starting
[2026-05-25 23:37:46] grafana STALE — restarting
[2026-05-25 23:37:54] grafana FAILED to get new URL
[2026-05-25 23:37:54] obsidian STALE — restarting
[2026-05-25 23:38:03] obsidian FAILED to get new URL
[2026-05-25 23:38:03] Health check done
[2026-05-25 23:47:45] Health check starting
[2026-05-25 23:47:50] grafana STALE — restarting
[2026-05-25 23:47:58] grafana FAILED to get new URL
[2026-05-25 23:47:58] obsidian STALE — restarting
[2026-05-25 23:48:06] obsidian FAILED to get new URL
[2026-05-25 23:48:06] Health check done
[2026-05-25 23:57:49] Health check starting
[2026-05-25 23:57:54] grafana STALE — restarting
[2026-05-25 23:58:02] grafana FAILED to get new URL
[2026-05-25 23:58:02] obsidian STALE — restarting
[2026-05-25 23:58:10] obsidian FAILED to get new URL
[2026-05-25 23:58:10] Health check done
[2026-05-26 00:08:04] Health check starting
[2026-05-26 00:08:09] grafana STALE — restarting
[2026-05-26 00:08:17] grafana FAILED to get new URL
[2026-05-26 00:08:17] obsidian STALE — restarting
[2026-05-26 00:08:25] obsidian FAILED to get new URL
[2026-05-26 00:08:25] Health check done
[2026-05-26 00:18:04] Health check starting
[2026-05-26 00:18:09] grafana STALE — restarting
[2026-05-26 00:18:17] grafana FAILED to get new URL
[2026-05-26 00:18:17] obsidian STALE — restarting
[2026-05-26 00:18:25] obsidian FAILED to get new URL
[2026-05-26 00:18:25] Health check done
[2026-05-26 00:28:04] Health check starting
[2026-05-26 00:28:09] grafana STALE — restarting
[2026-05-26 00:28:17] grafana FAILED to get new URL
[2026-05-26 00:28:17] obsidian STALE — restarting
[2026-05-26 00:28:25] obsidian FAILED to get new URL
[2026-05-26 00:28:25] Health check done
[2026-05-26 00:38:04] Health check starting
[2026-05-26 00:38:09] grafana STALE — restarting
[2026-05-26 00:38:17] grafana FAILED to get new URL
[2026-05-26 00:38:17] obsidian STALE — restarting
[2026-05-26 00:38:25] obsidian FAILED to get new URL
[2026-05-26 00:38:25] Health check done
[2026-05-26 00:48:05] Health check starting
[2026-05-26 00:48:11] grafana STALE — restarting
[2026-05-26 00:48:19] grafana FAILED to get new URL
[2026-05-26 00:48:19] obsidian STALE — restarting
[2026-05-26 00:48:27] obsidian FAILED to get new URL
[2026-05-26 00:48:27] Health check done
[2026-05-26 00:58:09] Health check starting
[2026-05-26 00:58:14] grafana STALE — restarting
[2026-05-26 00:58:22] grafana FAILED to get new URL
[2026-05-26 00:58:22] obsidian STALE — restarting
[2026-05-26 00:58:30] obsidian FAILED to get new URL
[2026-05-26 00:58:30] Health check done
[2026-05-26 01:08:15] Health check starting
[2026-05-26 01:08:20] grafana STALE — restarting
[2026-05-26 01:08:28] grafana FAILED to get new URL
[2026-05-26 01:08:28] obsidian STALE — restarting
[2026-05-26 01:08:36] obsidian FAILED to get new URL
[2026-05-26 01:08:36] Health check done
[2026-05-26 01:18:19] Health check starting
[2026-05-26 01:18:24] grafana STALE — restarting
[2026-05-26 01:18:32] grafana FAILED to get new URL
[2026-05-26 01:18:32] obsidian STALE — restarting
[2026-05-26 01:18:40] obsidian FAILED to get new URL
[2026-05-26 01:18:40] Health check done
[2026-05-26 01:28:19] Health check starting
[2026-05-26 01:28:24] grafana STALE — restarting
[2026-05-26 01:28:32] grafana FAILED to get new URL
[2026-05-26 01:28:32] obsidian STALE — restarting
[2026-05-26 01:28:40] obsidian FAILED to get new URL
[2026-05-26 01:28:40] Health check done
[2026-05-26 01:38:19] Health check starting
[2026-05-26 01:38:24] grafana STALE — restarting
[2026-05-26 01:38:32] grafana FAILED to get new URL
[2026-05-26 01:38:32] obsidian STALE — restarting
[2026-05-26 01:38:40] obsidian FAILED to get new URL
[2026-05-26 01:38:40] Health check done
[2026-05-26 01:48:19] Health check starting
[2026-05-26 01:48:24] grafana STALE — restarting
[2026-05-26 01:48:32] grafana FAILED to get new URL
[2026-05-26 01:48:32] obsidian STALE — restarting
[2026-05-26 01:48:40] obsidian FAILED to get new URL
[2026-05-26 01:48:40] Health check done
[2026-05-26 01:58:34] Health check starting
[2026-05-26 01:58:39] grafana STALE — restarting
[2026-05-26 01:58:47] grafana FAILED to get new URL
[2026-05-26 01:58:47] obsidian STALE — restarting
[2026-05-26 01:58:55] obsidian FAILED to get new URL
[2026-05-26 01:58:55] Health check done
[2026-05-26 02:08:34] Health check starting
[2026-05-26 02:08:39] grafana STALE — restarting
[2026-05-26 02:08:47] grafana FAILED to get new URL
[2026-05-26 02:08:47] obsidian STALE — restarting
[2026-05-26 02:08:55] obsidian FAILED to get new URL
[2026-05-26 02:08:55] Health check done
[2026-05-26 02:18:34] Health check starting
[2026-05-26 02:18:39] grafana STALE — restarting
[2026-05-26 02:18:47] grafana FAILED to get new URL
[2026-05-26 02:18:47] obsidian STALE — restarting
[2026-05-26 02:18:55] obsidian FAILED to get new URL
[2026-05-26 02:18:55] Health check done
[2026-05-26 02:28:49] Health check starting
[2026-05-26 02:28:54] grafana STALE — restarting
[2026-05-26 02:29:02] grafana FAILED to get new URL
[2026-05-26 02:29:02] obsidian STALE — restarting
[2026-05-26 02:29:10] obsidian FAILED to get new URL
[2026-05-26 02:29:10] Health check done
[2026-05-26 02:38:49] Health check starting
[2026-05-26 02:38:54] grafana STALE — restarting
[2026-05-26 02:39:02] grafana FAILED to get new URL
[2026-05-26 02:39:02] obsidian STALE — restarting
[2026-05-26 02:39:10] obsidian FAILED to get new URL
[2026-05-26 02:39:10] Health check done
[2026-05-26 02:48:49] Health check starting
[2026-05-26 02:48:54] grafana STALE — restarting
[2026-05-26 02:49:02] grafana FAILED to get new URL
[2026-05-26 02:49:02] obsidian STALE — restarting
[2026-05-26 02:49:10] obsidian FAILED to get new URL
[2026-05-26 02:49:10] Health check done
[2026-05-26 02:58:49] Health check starting
[2026-05-26 02:58:54] grafana STALE — restarting
[2026-05-26 02:59:02] grafana FAILED to get new URL
[2026-05-26 02:59:02] obsidian STALE — restarting
[2026-05-26 02:59:10] obsidian FAILED to get new URL
[2026-05-26 02:59:10] Health check done
[2026-05-26 03:09:04] Health check starting
[2026-05-26 03:09:09] grafana STALE — restarting
[2026-05-26 03:09:17] grafana FAILED to get new URL
[2026-05-26 03:09:17] obsidian STALE — restarting
[2026-05-26 03:09:25] obsidian FAILED to get new URL
[2026-05-26 03:09:25] Health check done
[2026-05-26 03:19:04] Health check starting
[2026-05-26 03:19:09] grafana STALE — restarting
[2026-05-26 03:19:17] grafana FAILED to get new URL
[2026-05-26 03:19:17] obsidian STALE — restarting
[2026-05-26 03:19:25] obsidian FAILED to get new URL
[2026-05-26 03:19:25] Health check done
[2026-05-26 03:29:04] Health check starting
[2026-05-26 03:29:09] grafana STALE — restarting
[2026-05-26 03:29:17] grafana FAILED to get new URL
[2026-05-26 03:29:17] obsidian STALE — restarting
[2026-05-26 03:29:25] obsidian FAILED to get new URL
[2026-05-26 03:29:25] Health check done
[2026-05-26 03:39:04] Health check starting
[2026-05-26 03:39:09] grafana STALE — restarting
[2026-05-26 03:39:17] grafana FAILED to get new URL
[2026-05-26 03:39:17] obsidian STALE — restarting
[2026-05-26 03:39:25] obsidian FAILED to get new URL
[2026-05-26 03:39:25] Health check done
[2026-05-26 03:49:10] Health check starting
[2026-05-26 03:49:15] grafana STALE — restarting
[2026-05-26 03:49:23] grafana FAILED to get new URL
[2026-05-26 03:49:23] obsidian STALE — restarting
[2026-05-26 03:49:31] obsidian FAILED to get new URL
[2026-05-26 03:49:31] Health check done
[2026-05-26 03:59:15] Health check starting
[2026-05-26 03:59:20] grafana STALE — restarting
[2026-05-26 03:59:28] grafana FAILED to get new URL
[2026-05-26 03:59:28] obsidian STALE — restarting
[2026-05-26 03:59:36] obsidian FAILED to get new URL
[2026-05-26 03:59:36] Health check done
[2026-05-26 04:09:19] Health check starting
[2026-05-26 04:09:24] grafana STALE — restarting
[2026-05-26 04:09:32] grafana FAILED to get new URL
[2026-05-26 04:09:32] obsidian STALE — restarting
[2026-05-26 04:09:40] obsidian FAILED to get new URL
[2026-05-26 04:09:40] Health check done
[2026-05-26 04:19:19] Health check starting
[2026-05-26 04:19:24] grafana STALE — restarting
[2026-05-26 04:19:32] grafana FAILED to get new URL
[2026-05-26 04:19:32] obsidian STALE — restarting
[2026-05-26 04:19:40] obsidian FAILED to get new URL
[2026-05-26 04:19:40] Health check done
[2026-05-26 04:29:30] Health check starting
[2026-05-26 04:29:35] grafana STALE — restarting
[2026-05-26 04:29:44] grafana FAILED to get new URL
[2026-05-26 04:29:44] obsidian STALE — restarting
[2026-05-26 04:29:52] obsidian FAILED to get new URL
[2026-05-26 04:29:52] Health check done
[2026-05-26 04:39:34] Health check starting
[2026-05-26 04:39:39] grafana STALE — restarting
[2026-05-26 04:39:47] grafana FAILED to get new URL
[2026-05-26 04:39:47] obsidian STALE — restarting
[2026-05-26 04:39:55] obsidian FAILED to get new URL
[2026-05-26 04:39:55] Health check done
[2026-05-26 04:49:34] Health check starting
[2026-05-26 04:49:39] grafana STALE — restarting
[2026-05-26 04:49:47] grafana FAILED to get new URL
[2026-05-26 04:49:47] obsidian STALE — restarting
[2026-05-26 04:49:55] obsidian FAILED to get new URL
[2026-05-26 04:49:55] Health check done
[2026-05-26 04:59:34] Health check starting
[2026-05-26 04:59:39] grafana STALE — restarting
[2026-05-26 04:59:47] grafana FAILED to get new URL
[2026-05-26 04:59:47] obsidian STALE — restarting
[2026-05-26 04:59:55] obsidian FAILED to get new URL
[2026-05-26 04:59:55] Health check done
[2026-05-26 05:09:43] Health check starting
[2026-05-26 05:09:48] grafana STALE — restarting
[2026-05-26 05:09:56] grafana FAILED to get new URL
[2026-05-26 05:09:56] obsidian STALE — restarting
[2026-05-26 05:10:04] obsidian FAILED to get new URL
[2026-05-26 05:10:04] Health check done
[2026-05-26 05:19:49] Health check starting
[2026-05-26 05:19:54] grafana STALE — restarting
[2026-05-26 05:20:02] grafana FAILED to get new URL
[2026-05-26 05:20:02] obsidian STALE — restarting
[2026-05-26 05:20:10] obsidian FAILED to get new URL
[2026-05-26 05:20:10] Health check done
[2026-05-26 05:29:49] Health check starting
[2026-05-26 05:29:54] grafana STALE — restarting
[2026-05-26 05:30:02] grafana FAILED to get new URL
[2026-05-26 05:30:02] obsidian STALE — restarting
[2026-05-26 05:30:10] obsidian FAILED to get new URL
[2026-05-26 05:30:10] Health check done
[2026-05-26 05:39:49] Health check starting
[2026-05-26 05:39:54] grafana STALE — restarting
[2026-05-26 05:40:02] grafana FAILED to get new URL
[2026-05-26 05:40:02] obsidian STALE — restarting
[2026-05-26 05:40:10] obsidian FAILED to get new URL
[2026-05-26 05:40:10] Health check done
[2026-05-26 05:49:49] Health check starting
[2026-05-26 05:49:54] grafana STALE — restarting
[2026-05-26 05:50:02] grafana FAILED to get new URL
[2026-05-26 05:50:02] obsidian STALE — restarting
[2026-05-26 05:50:10] obsidian FAILED to get new URL
[2026-05-26 05:50:10] Health check done
[2026-05-26 06:00:00] Health check starting
[2026-05-26 06:00:05] grafana STALE — restarting
[2026-05-26 06:00:13] grafana FAILED to get new URL
[2026-05-26 06:00:13] obsidian STALE — restarting
[2026-05-26 06:00:21] obsidian FAILED to get new URL
[2026-05-26 06:00:21] Health check done
[2026-05-26 06:10:00] Health check starting
[2026-05-26 06:10:06] grafana STALE — restarting
[2026-05-26 06:10:14] grafana FAILED to get new URL
[2026-05-26 06:10:14] obsidian STALE — restarting
[2026-05-26 06:10:22] obsidian FAILED to get new URL
[2026-05-26 06:10:22] Health check done
[2026-05-26 06:20:01] Health check starting
[2026-05-26 06:20:06] grafana STALE — restarting
[2026-05-26 06:20:14] grafana FAILED to get new URL
[2026-05-26 06:20:14] obsidian STALE — restarting
[2026-05-26 06:20:22] obsidian FAILED to get new URL
[2026-05-26 06:20:22] Health check done
[2026-05-26 06:30:01] Health check starting
[2026-05-26 06:30:07] grafana STALE — restarting
[2026-05-26 06:30:15] grafana FAILED to get new URL
[2026-05-26 06:30:15] obsidian STALE — restarting
[2026-05-26 06:30:23] obsidian FAILED to get new URL
[2026-05-26 06:30:23] Health check done
[2026-05-26 06:40:04] Health check starting
[2026-05-26 06:40:09] grafana STALE — restarting
[2026-05-26 06:40:17] grafana FAILED to get new URL
[2026-05-26 06:40:17] obsidian STALE — restarting
[2026-05-26 06:40:25] obsidian FAILED to get new URL
[2026-05-26 06:40:25] Health check done
[2026-05-26 06:50:04] Health check starting
[2026-05-26 06:50:09] grafana STALE — restarting
[2026-05-26 06:50:17] grafana FAILED to get new URL
[2026-05-26 06:50:17] obsidian STALE — restarting
[2026-05-26 06:50:25] obsidian FAILED to get new URL
[2026-05-26 06:50:25] Health check done
[2026-05-26 07:00:04] Health check starting
[2026-05-26 07:00:09] grafana STALE — restarting
[2026-05-26 07:00:17] grafana FAILED to get new URL
[2026-05-26 07:00:17] obsidian STALE — restarting
[2026-05-26 07:00:25] obsidian FAILED to get new URL
[2026-05-26 07:00:25] Health check done
[2026-05-26 07:10:10] Health check starting
[2026-05-26 07:10:16] grafana STALE — restarting
[2026-05-26 07:10:24] grafana FAILED to get new URL
[2026-05-26 07:10:24] obsidian STALE — restarting
[2026-05-26 07:10:32] obsidian FAILED to get new URL
[2026-05-26 07:10:32] Health check done
[2026-05-26 07:20:15] Health check starting
[2026-05-26 07:20:20] grafana STALE — restarting
[2026-05-26 07:20:28] grafana FAILED to get new URL
[2026-05-26 07:20:28] obsidian STALE — restarting
[2026-05-26 07:20:36] obsidian FAILED to get new URL
[2026-05-26 07:20:36] Health check done
[2026-05-26 07:30:15] Health check starting
[2026-05-26 07:30:20] grafana STALE — restarting
[2026-05-26 07:30:28] grafana FAILED to get new URL
[2026-05-26 07:30:28] obsidian STALE — restarting
[2026-05-26 07:30:36] obsidian FAILED to get new URL
[2026-05-26 07:30:36] Health check done
[2026-05-26 07:40:16] Health check starting
[2026-05-26 07:40:21] grafana STALE — restarting
[2026-05-26 07:40:29] grafana FAILED to get new URL
[2026-05-26 07:40:29] obsidian STALE — restarting
[2026-05-26 07:40:37] obsidian FAILED to get new URL
[2026-05-26 07:40:37] Health check done
[2026-05-26 07:50:19] Health check starting
[2026-05-26 07:50:24] grafana STALE — restarting
[2026-05-26 07:50:32] grafana FAILED to get new URL
[2026-05-26 07:50:32] obsidian STALE — restarting
[2026-05-26 07:50:41] obsidian FAILED to get new URL
[2026-05-26 07:50:41] Health check done
[2026-05-26 08:00:19] Health check starting
[2026-05-26 08:00:24] grafana STALE — restarting
[2026-05-26 08:00:32] grafana FAILED to get new URL
[2026-05-26 08:00:32] obsidian STALE — restarting
[2026-05-26 08:00:40] obsidian FAILED to get new URL
[2026-05-26 08:00:40] Health check done
[2026-05-26 08:10:21] Health check starting
[2026-05-26 08:10:26] grafana STALE — restarting
[2026-05-26 08:10:34] grafana FAILED to get new URL
[2026-05-26 08:10:34] obsidian STALE — restarting
[2026-05-26 08:10:42] obsidian FAILED to get new URL
[2026-05-26 08:10:42] Health check done
[2026-05-26 08:20:34] Health check starting
[2026-05-26 08:20:40] grafana STALE — restarting
[2026-05-26 08:20:48] grafana FAILED to get new URL
[2026-05-26 08:20:48] obsidian STALE — restarting
[2026-05-26 08:20:56] obsidian FAILED to get new URL
[2026-05-26 08:20:56] Health check done
[2026-05-26 08:30:34] Health check starting
[2026-05-26 08:30:39] grafana STALE — restarting
[2026-05-26 08:30:47] grafana FAILED to get new URL
[2026-05-26 08:30:47] obsidian STALE — restarting
[2026-05-26 08:30:55] obsidian FAILED to get new URL
[2026-05-26 08:30:55] Health check done
[2026-05-26 08:40:34] Health check starting
[2026-05-26 08:40:39] grafana STALE — restarting
[2026-05-26 08:40:47] grafana FAILED to get new URL
[2026-05-26 08:40:47] obsidian STALE — restarting
[2026-05-26 08:40:55] obsidian FAILED to get new URL
[2026-05-26 08:40:55] Health check done
[2026-05-26 08:50:34] Health check starting
[2026-05-26 08:50:39] grafana STALE — restarting
[2026-05-26 08:50:47] grafana FAILED to get new URL
[2026-05-26 08:50:47] obsidian STALE — restarting
[2026-05-26 08:50:55] obsidian FAILED to get new URL
[2026-05-26 08:50:55] Health check done
[2026-05-26 08:57:41] Health check starting
[2026-05-26 08:57:48] Health check done
[2026-05-26 09:07:48] Health check starting
[2026-05-26 09:07:56] Health check done
[2026-05-26 09:17:48] Health check starting
[2026-05-26 09:17:56] Health check done
[2026-05-26 09:27:48] Health check starting
[2026-05-26 09:27:56] Health check done
[2026-05-26 09:37:48] Health check starting
[2026-05-26 09:37:56] Health check done
[2026-05-26 09:47:48] Health check starting
[2026-05-26 09:47:56] Health check done
[2026-05-26 09:58:03] Health check starting
[2026-05-26 09:58:11] Health check done
[2026-05-26 10:08:03] Health check starting
[2026-05-26 10:08:11] Health check done
[2026-05-26 10:18:03] Health check starting
[2026-05-26 10:18:11] Health check done
[2026-05-26 10:28:17] Health check starting
[2026-05-26 10:28:24] Health check done
[2026-05-26 10:38:18] Health check starting
[2026-05-26 10:38:26] Health check done
[2026-05-26 10:48:18] Health check starting
[2026-05-26 10:48:26] Health check done
[2026-05-26 10:58:18] Health check starting
[2026-05-26 10:58:26] Health check done
[2026-05-26 11:08:18] Health check starting
[2026-05-26 11:08:26] Health check done
[2026-05-26 11:18:31] Health check starting
[2026-05-26 11:18:39] Health check done
[2026-05-26 11:28:33] Health check starting
[2026-05-26 11:28:41] Health check done
[2026-05-26 11:38:33] Health check starting
[2026-05-26 11:38:41] Health check done
[2026-05-26 11:48:33] Health check starting
[2026-05-26 11:48:41] Health check done
[2026-05-26 11:58:48] Health check starting
[2026-05-26 11:58:56] Health check done
[2026-05-26 12:08:48] Health check starting
[2026-05-26 12:08:57] Health check done
[2026-05-26 12:18:50] Health check starting
[2026-05-26 12:18:57] Health check done
[2026-05-26 12:29:03] Health check starting
[2026-05-26 12:29:11] Health check done
[2026-05-26 12:39:03] Health check starting
[2026-05-26 12:39:11] Health check done
[2026-05-26 12:49:03] Health check starting
[2026-05-26 12:49:11] Health check done
[2026-05-26 12:59:03] Health check starting
[2026-05-26 12:59:11] Health check done
[2026-05-26 13:09:05] Health check starting
[2026-05-26 13:09:12] Health check done
[2026-05-26 13:19:05] Health check starting
[2026-05-26 13:19:12] Health check done
[2026-05-26 13:29:18] Health check starting
[2026-05-26 13:29:26] Health check done
[2026-05-26 13:39:18] Health check starting
[2026-05-26 13:39:26] Health check done
[2026-05-26 13:49:31] Health check starting
[2026-05-26 13:49:39] Health check done
[2026-05-26 13:59:33] Health check starting
[2026-05-26 13:59:42] Health check done
[2026-05-26 14:09:33] Health check starting
[2026-05-26 14:09:41] Health check done
[2026-05-26 14:19:33] Health check starting
[2026-05-26 14:19:41] Health check done
[2026-05-26 14:29:41] Health check starting
[2026-05-26 14:29:49] Health check done
[2026-05-26 14:39:48] Health check starting
[2026-05-26 14:39:56] Health check done
[2026-05-26 14:49:48] Health check starting
[2026-05-26 14:49:56] Health check done
[2026-05-26 15:00:01] Health check starting
[2026-05-26 15:00:10] Health check done
[2026-05-26 15:10:03] Health check starting
[2026-05-26 15:10:11] Health check done
[2026-05-26 15:20:03] Health check starting
[2026-05-26 15:20:11] Health check done
[2026-05-26 15:30:03] Health check starting
[2026-05-26 15:30:11] Health check done
[2026-05-26 15:40:03] Health check starting
[2026-05-26 15:40:11] Health check done
[2026-05-26 15:50:08] Health check starting
[2026-05-26 15:50:15] Health check done
[2026-05-26 16:00:18] Health check starting
[2026-05-26 16:00:26] Health check done
[2026-05-26 16:10:18] Health check starting
[2026-05-26 16:10:26] Health check done
[2026-05-26 16:20:18] Health check starting
[2026-05-26 16:20:26] Health check done
[2026-05-26 16:30:18] Health check starting
[2026-05-26 16:30:26] Health check done
[2026-05-26 16:40:30] Health check starting
[2026-05-26 16:40:37] Health check done
[2026-05-26 16:50:31] Health check starting
[2026-05-26 16:50:40] Health check done
[2026-05-26 17:00:33] Health check starting
[2026-05-26 17:00:41] Health check done
[2026-05-26 17:10:33] Health check starting
[2026-05-26 17:10:41] Health check done
[2026-05-26 17:20:33] Health check starting
[2026-05-26 17:20:41] Health check done
[2026-05-26 17:30:35] Health check starting
[2026-05-26 17:30:42] Health check done
[2026-05-26 17:40:39] Health check starting
[2026-05-26 17:40:47] Health check done
[2026-05-26 17:50:48] Health check starting
[2026-05-26 17:50:56] Health check done
[2026-05-26 18:00:48] Health check starting
[2026-05-26 18:00:56] Health check done
[2026-05-26 18:10:48] Health check starting
[2026-05-26 18:10:56] Health check done
[2026-05-26 18:21:03] Health check starting
[2026-05-26 18:21:11] Health check done
[2026-05-26 18:31:03] Health check starting
[2026-05-26 18:31:11] Health check done
[2026-05-26 18:41:03] Health check starting
[2026-05-26 18:41:11] Health check done
[2026-05-26 18:51:18] Health check starting
[2026-05-26 18:51:26] Health check done
[2026-05-26 19:01:18] Health check starting
[2026-05-26 19:01:26] Health check done
[2026-05-26 19:11:18] Health check starting
[2026-05-26 19:11:26] Health check done
[2026-05-26 19:21:18] Health check starting
[2026-05-26 19:21:26] Health check done
[2026-05-26 19:31:31] Health check starting
[2026-05-26 19:31:39] Health check done
[2026-05-26 19:41:33] Health check starting
[2026-05-26 19:41:41] Health check done
[2026-05-26 19:51:33] Health check starting
[2026-05-26 19:51:42] Health check done
[2026-05-26 20:01:33] Health check starting
[2026-05-26 20:01:41] Health check done
[2026-05-26 20:11:33] Health check starting
[2026-05-26 20:11:41] Health check done
[2026-05-26 20:21:35] Health check starting
[2026-05-26 20:21:42] Health check done
[2026-05-26 20:31:48] Health check starting
[2026-05-26 20:31:57] Health check done
[2026-05-26 20:41:51] Health check starting
[2026-05-26 20:41:59] Health check done
[2026-05-26 20:52:03] Health check starting
[2026-05-26 20:52:11] Health check done
[2026-05-26 21:02:03] Health check starting
[2026-05-26 21:02:11] Health check done
[2026-05-26 21:12:03] Health check starting
[2026-05-26 21:12:13] Health check done
[2026-05-26 21:22:18] Health check starting
[2026-05-26 21:22:26] Health check done
[2026-05-26 21:32:18] Health check starting
[2026-05-26 21:32:26] Health check done
[2026-05-26 21:42:18] Health check starting
[2026-05-26 21:42:26] Health check done
[2026-05-26 21:52:18] Health check starting
[2026-05-26 21:52:27] Health check done
[2026-05-26 22:02:22] Health check starting
[2026-05-26 22:02:30] Health check done
[2026-05-26 22:12:31] Health check starting
[2026-05-26 22:12:39] Health check done
[2026-05-26 22:22:33] Health check starting
[2026-05-26 22:22:41] Health check done
[2026-05-26 22:32:33] Health check starting
[2026-05-26 22:32:41] Health check done
[2026-05-26 22:42:33] Health check starting
[2026-05-26 22:42:41] Health check done
[2026-05-26 22:52:33] Health check starting
[2026-05-26 22:52:41] Health check done
[2026-05-26 23:02:48] Health check starting
[2026-05-26 23:02:56] Health check done
[2026-05-26 23:12:48] Health check starting
[2026-05-26 23:12:56] Health check done
[2026-05-26 23:22:48] Health check starting
[2026-05-26 23:22:56] Health check done
[2026-05-26 23:32:48] Health check starting
[2026-05-26 23:32:56] Health check done
[2026-05-26 23:42:55] Health check starting
[2026-05-26 23:43:02] Health check done
[2026-05-26 23:52:57] Health check starting
[2026-05-26 23:53:04] Health check done
[2026-05-27 00:03:03] Health check starting
[2026-05-27 00:03:11] Health check done
[2026-05-27 00:13:03] Health check starting
[2026-05-27 00:13:11] Health check done
[2026-05-27 00:23:03] Health check starting
[2026-05-27 00:23:11] Health check done
[2026-05-27 00:33:18] Health check starting
[2026-05-27 00:33:26] Health check done
[2026-05-27 00:43:18] Health check starting
[2026-05-27 00:43:26] Health check done
[2026-05-27 00:53:18] Health check starting
[2026-05-27 00:53:24] Health check done
[2026-05-27 01:03:31] Health check starting
[2026-05-27 01:03:39] Health check done
[2026-05-27 01:13:33] Health check starting
[2026-05-27 01:13:41] Health check done
[2026-05-27 01:23:33] Health check starting
[2026-05-27 01:23:41] Health check done
[2026-05-27 01:33:33] Health check starting
[2026-05-27 01:33:41] Health check done
[2026-05-27 01:43:33] Health check starting
[2026-05-27 01:43:41] Health check done
[2026-05-27 01:53:48] Health check starting
[2026-05-27 01:53:56] Health check done
[2026-05-27 02:03:48] Health check starting
[2026-05-27 02:03:56] Health check done
[2026-05-27 02:13:48] Health check starting
[2026-05-27 02:13:56] Health check done
[2026-05-27 02:23:48] Health check starting
[2026-05-27 02:23:56] Health check done
[2026-05-27 02:33:48] Health check starting
[2026-05-27 02:33:56] Health check done
[2026-05-27 02:43:50] Health check starting
[2026-05-27 02:43:57] Health check done
[2026-05-27 02:54:03] Health check starting
[2026-05-27 02:54:11] Health check done
[2026-05-27 03:04:03] Health check starting
[2026-05-27 03:04:11] Health check done
[2026-05-27 03:14:03] Health check starting
[2026-05-27 03:14:11] Health check done
[2026-05-27 03:24:03] Health check starting
[2026-05-27 03:24:11] Health check done
[2026-05-27 03:34:04] Health check starting
[2026-05-27 03:34:11] Health check done
[2026-05-27 03:44:05] Health check starting
[2026-05-27 03:44:12] Health check done
[2026-05-27 03:54:18] Health check starting
[2026-05-27 03:54:26] Health check done
[2026-05-27 04:04:18] Health check starting
[2026-05-27 04:04:26] Health check done
[2026-05-27 04:14:18] Health check starting
[2026-05-27 04:14:26] Health check done
[2026-05-27 04:24:29] Health check starting
[2026-05-27 04:24:36] Health check done
[2026-05-27 04:34:31] Health check starting
[2026-05-27 04:34:39] Health check done
[2026-05-27 04:44:33] Health check starting
[2026-05-27 04:44:41] Health check done
[2026-05-27 04:54:33] Health check starting
[2026-05-27 04:54:41] Health check done
[2026-05-27 05:04:33] Health check starting
[2026-05-27 05:04:41] Health check done
[2026-05-27 05:14:48] Health check starting
[2026-05-27 05:14:56] Health check done
[2026-05-27 05:24:48] Health check starting
[2026-05-27 05:24:56] Health check done
[2026-05-27 05:34:48] Health check starting
[2026-05-27 05:34:56] Health check done
[2026-05-27 05:44:54] Health check starting
[2026-05-27 05:45:01] Health check done
[2026-05-27 05:55:00] Health check starting
[2026-05-27 05:55:08] Health check done
[2026-05-27 06:05:03] Health check starting
[2026-05-27 06:05:11] Health check done
[2026-05-27 06:15:03] Health check starting
[2026-05-27 06:15:11] Health check done
[2026-05-27 06:25:03] Health check starting
[2026-05-27 06:25:11] Health check done
[2026-05-27 06:35:18] Health check starting
[2026-05-27 06:35:26] Health check done
[2026-05-27 06:45:18] Health check starting
[2026-05-27 06:45:26] Health check done
[2026-05-27 06:55:18] Health check starting
[2026-05-27 06:55:26] Health check done
[2026-05-27 07:05:18] Health check starting
[2026-05-27 07:05:26] Health check done
[2026-05-27 07:15:19] Health check starting
[2026-05-27 07:15:26] Health check done
[2026-05-27 07:25:31] Health check starting
[2026-05-27 07:25:39] Health check done
[2026-05-27 07:35:32] Health check starting
[2026-05-27 07:35:40] Health check done
[2026-05-27 07:45:34] Health check starting
[2026-05-27 07:45:41] Health check done
[2026-05-27 07:55:48] Health check starting
[2026-05-27 07:55:56] Health check done
[2026-05-27 08:05:48] Health check starting
[2026-05-27 08:05:56] Health check done
[2026-05-27 08:15:48] Health check starting
[2026-05-27 08:15:56] Health check done
[2026-05-27 08:25:52] Health check starting
[2026-05-27 08:26:00] Health check done
[2026-05-27 08:36:03] Health check starting
[2026-05-27 08:36:11] Health check done
[2026-05-27 08:46:03] Health check starting
[2026-05-27 08:46:11] Health check done
[2026-05-27 08:56:03] Health check starting
[2026-05-27 08:56:10] Health check done
[2026-05-27 09:06:03] Health check starting
[2026-05-27 09:06:10] Health check done
[2026-05-27 09:16:03] Health check starting
[2026-05-27 09:16:10] Health check done
[2026-05-27 09:26:06] Health check starting
[2026-05-27 09:26:13] Health check done
[2026-05-27 09:36:18] Health check starting
[2026-05-27 09:36:26] Health check done
[2026-05-27 09:46:18] Health check starting
[2026-05-27 09:46:26] Health check done
[2026-05-27 09:56:18] Health check starting
[2026-05-27 09:56:26] Health check done
[2026-05-27 10:06:18] Health check starting
[2026-05-27 10:06:26] Health check done
[2026-05-27 10:16:29] Health check starting
[2026-05-27 10:16:36] Health check done
[2026-05-27 10:26:31] Health check starting
[2026-05-27 10:26:39] Health check done
[2026-05-27 10:36:33] Health check starting
[2026-05-27 10:36:41] Health check done
[2026-05-27 10:46:33] Health check starting
[2026-05-27 10:46:41] Health check done
[2026-05-27 10:56:33] Health check starting
[2026-05-27 10:56:41] Health check done
[2026-05-27 11:06:35] Health check starting
[2026-05-27 11:06:42] Health check done
[2026-05-27 11:16:40] Health check starting
[2026-05-27 11:16:48] Health check done
[2026-05-27 11:26:41] Health check starting
[2026-05-27 11:26:49] Health check done
[2026-05-27 11:36:48] Health check starting
[2026-05-27 11:36:56] Health check done
[2026-05-27 11:47:03] Health check starting
[2026-05-27 11:47:11] Health check done
[2026-05-27 11:57:03] Health check starting
[2026-05-27 11:57:11] Health check done
[2026-05-27 12:07:03] Health check starting
[2026-05-27 12:07:11] Health check done
[2026-05-27 12:17:03] Health check starting
[2026-05-27 12:17:11] Health check done
[2026-05-27 12:27:15] Health check starting
[2026-05-27 12:27:22] Health check done
[2026-05-27 12:37:18] Health check starting
[2026-05-27 12:37:26] Health check done
[2026-05-27 12:47:18] Health check starting
[2026-05-27 12:47:26] Health check done
[2026-05-27 12:57:18] Health check starting
[2026-05-27 12:57:27] Health check done
[2026-05-27 13:07:19] Health check starting
[2026-05-27 13:07:26] Health check done
[2026-05-27 13:17:24] Health check starting
[2026-05-27 13:17:32] Health check done
[2026-05-27 13:27:25] Health check starting
[2026-05-27 13:27:33] Health check done
[2026-05-27 13:37:31] Health check starting
[2026-05-27 13:37:39] Health check done
[2026-05-27 13:47:33] Health check starting
[2026-05-27 13:47:41] Health check done
[2026-05-27 13:57:33] Health check starting
[2026-05-27 13:57:41] Health check done
[2026-05-27 14:07:33] Health check starting
[2026-05-27 14:07:41] Health check done
[2026-05-27 14:17:48] Health check starting
[2026-05-27 14:17:56] Health check done
[2026-05-27 14:27:48] Health check starting
[2026-05-27 14:27:56] Health check done
[2026-05-27 14:37:49] Health check starting
[2026-05-27 14:37:56] Health check done
[2026-05-27 14:48:01] Health check starting
[2026-05-27 14:48:08] Health check done
[2026-05-27 14:58:03] Health check starting
[2026-05-27 14:58:11] Health check done
[2026-05-27 15:08:03] Health check starting
[2026-05-27 15:08:11] Health check done
[2026-05-27 15:18:03] Health check starting
[2026-05-27 15:18:11] Health check done
[2026-05-27 15:28:14] Health check starting
[2026-05-27 15:28:22] Health check done
[2026-05-27 15:38:18] Health check starting
[2026-05-27 15:38:26] Health check done
[2026-05-27 15:48:18] Health check starting
[2026-05-27 15:48:26] Health check done
[2026-05-27 15:58:18] Health check starting
[2026-05-27 15:58:26] Health check done
[2026-05-27 16:08:28] Health check starting
[2026-05-27 16:08:36] Health check done
[2026-05-27 16:18:31] Health check starting
[2026-05-27 16:18:39] Health check done
[2026-05-27 16:28:33] Health check starting
[2026-05-27 16:28:41] Health check done
[2026-05-27 16:38:33] Health check starting
[2026-05-27 16:38:41] Health check done
[2026-05-27 16:48:33] Health check starting
[2026-05-27 16:48:41] Health check done
[2026-05-27 16:58:44] Health check starting
[2026-05-27 16:58:52] Health check done
[2026-05-27 17:08:48] Health check starting
[2026-05-27 17:08:56] Health check done
[2026-05-27 17:18:48] Health check starting
[2026-05-27 17:18:56] Health check done
[2026-05-27 17:28:48] Health check starting
[2026-05-27 17:28:56] Health check done
[2026-05-27 17:38:48] Health check starting
[2026-05-27 17:38:56] Health check done
[2026-05-27 17:49:03] Health check starting
[2026-05-27 17:49:11] Health check done
[2026-05-27 17:59:03] Health check starting
[2026-05-27 17:59:11] Health check done
[2026-05-27 18:09:03] Health check starting
[2026-05-27 18:09:11] Health check done
[2026-05-27 18:19:05] Health check starting
[2026-05-27 18:19:12] Health check done
[2026-05-27 18:29:06] Health check starting
[2026-05-27 18:29:13] Health check done
[2026-05-27 18:39:18] Health check starting
[2026-05-27 18:39:27] Health check done
[2026-05-27 18:49:18] Health check starting
[2026-05-27 18:49:26] Health check done
[2026-05-27 18:59:18] Health check starting
[2026-05-27 18:59:26] Health check done
[2026-05-27 19:09:18] Health check starting
[2026-05-27 19:09:26] Health check done
[2026-05-27 19:19:31] Health check starting
[2026-05-27 19:19:38] Health check done
[2026-05-27 19:29:31] Health check starting
[2026-05-27 19:29:39] Health check done
[2026-05-27 19:39:33] Health check starting
[2026-05-27 19:39:41] Health check done
[2026-05-27 19:49:33] Health check starting
[2026-05-27 19:49:41] Health check done
[2026-05-27 19:59:33] Health check starting
[2026-05-27 19:59:41] Health check done
[2026-05-27 20:09:33] Health check starting
[2026-05-27 20:09:47] Health check done
[2026-05-27 20:19:40] Health check starting
[2026-05-27 20:19:50] Health check done
[2026-05-27 20:29:44] Health check starting
[2026-05-27 20:29:52] Health check done
[2026-05-27 20:39:48] Health check starting
[2026-05-27 20:39:56] Health check done
[2026-05-27 20:49:48] Health check starting
[2026-05-27 20:49:56] Health check done
[2026-05-27 21:00:01] Health check starting
[2026-05-27 21:00:14] Health check done
[2026-05-27 21:10:03] Health check starting
[2026-05-27 21:10:11] Health check done
[2026-05-27 21:20:03] Health check starting
[2026-05-27 21:20:14] Health check done
[2026-05-27 21:30:04] Health check starting
[2026-05-27 21:30:11] Health check done
[2026-05-27 21:40:09] Health check starting
[2026-05-27 21:40:16] Health check done
[2026-05-27 21:50:18] Health check starting
[2026-05-27 21:50:28] Health check done
[2026-05-27 22:00:18] Health check starting
[2026-05-27 22:00:26] Health check done
[2026-05-27 22:10:18] Health check starting
[2026-05-27 22:10:26] Health check done
[2026-05-27 22:20:31] Health check starting
[2026-05-27 22:20:39] Health check done
[2026-05-27 22:30:32] Health check starting
[2026-05-27 22:30:40] Health check done
[2026-05-27 22:40:33] Health check starting
[2026-05-27 22:40:41] Health check done
[2026-05-27 22:50:33] Health check starting
[2026-05-27 22:50:41] Health check done
[2026-05-27 23:00:33] Health check starting
[2026-05-27 23:00:41] Health check done
[2026-05-27 23:10:48] Health check starting
[2026-05-27 23:10:56] Health check done
[2026-05-27 23:20:48] Health check starting
[2026-05-27 23:20:56] Health check done
[2026-05-27 23:30:48] Health check starting
[2026-05-27 23:30:56] Health check done
[2026-05-27 23:40:49] Health check starting
[2026-05-27 23:40:56] Health check done
[2026-05-27 23:51:00] Health check starting
[2026-05-27 23:51:07] Health check done
[2026-05-28 00:01:01] Health check starting
[2026-05-28 00:01:09] Health check done
[2026-05-28 00:11:03] Health check starting
[2026-05-28 00:11:11] Health check done
[2026-05-28 00:21:03] Health check starting
[2026-05-28 00:21:11] Health check done
[2026-05-28 00:31:03] Health check starting
[2026-05-28 00:31:11] Health check done
[2026-05-28 00:41:18] Health check starting
[2026-05-28 00:41:26] Health check done
[2026-05-28 00:51:18] Health check starting
[2026-05-28 00:51:26] Health check done
[2026-05-28 01:01:18] Health check starting
[2026-05-28 01:01:26] Health check done
[2026-05-28 01:11:18] Health check starting
[2026-05-28 01:11:26] Health check done
[2026-05-28 01:21:19] Health check starting
[2026-05-28 01:21:26] Health check done
[2026-05-28 01:31:31] Health check starting
[2026-05-28 01:31:39] Health check done
[2026-05-28 01:41:32] Health check starting
[2026-05-28 01:41:39] Health check done
[2026-05-28 01:51:33] Health check starting
[2026-05-28 01:51:41] Health check done
[2026-05-28 02:01:33] Health check starting
[2026-05-28 02:01:41] Health check done
[2026-05-28 02:11:33] Health check starting
[2026-05-28 02:11:41] Health check done
[2026-05-28 02:21:33] Health check starting
[2026-05-28 02:21:41] Health check done
[2026-05-28 02:31:35] Health check starting
[2026-05-28 02:31:42] Health check done
[2026-05-28 02:41:41] Health check starting
[2026-05-28 02:41:49] Health check done
[2026-05-28 02:51:48] Health check starting
[2026-05-28 02:51:56] Health check done
[2026-05-28 03:01:48] Health check starting
[2026-05-28 03:01:56] Health check done
[2026-05-28 03:11:48] Health check starting
[2026-05-28 03:11:56] Health check done
[2026-05-28 03:21:48] Health check starting
[2026-05-28 03:21:56] Health check done
[2026-05-28 03:32:03] Health check starting
[2026-05-28 03:32:11] Health check done
[2026-05-28 03:42:03] Health check starting
[2026-05-28 03:42:11] Health check done
[2026-05-28 03:52:03] Health check starting
[2026-05-28 03:52:11] Health check done
[2026-05-28 04:02:03] Health check starting
[2026-05-28 04:02:11] Health check done
[2026-05-28 04:12:12] Health check starting
[2026-05-28 04:12:19] Health check done
[2026-05-28 04:22:18] Health check starting
[2026-05-28 04:22:26] Health check done
[2026-05-28 04:32:18] Health check starting
[2026-05-28 04:32:26] Health check done
[2026-05-28 04:42:18] Health check starting
[2026-05-28 04:42:26] Health check done
[2026-05-28 04:52:31] Health check starting
[2026-05-28 04:52:39] Health check done
[2026-05-28 05:02:33] Health check starting
[2026-05-28 05:02:41] Health check done
[2026-05-28 05:12:33] Health check starting
[2026-05-28 05:12:41] Health check done
[2026-05-28 05:22:33] Health check starting
[2026-05-28 05:22:41] Health check done
[2026-05-28 05:32:33] Health check starting
[2026-05-28 05:32:44] Health check done
[2026-05-28 05:42:33] Health check starting
[2026-05-28 05:42:41] Health check done
[2026-05-28 05:52:41] Health check starting
[2026-05-28 05:52:49] Health check done
[2026-05-28 06:02:48] Health check starting
[2026-05-28 06:02:56] Health check done
[2026-05-28 06:12:48] Health check starting
[2026-05-28 06:12:56] Health check done
[2026-05-28 06:22:48] Health check starting
[2026-05-28 06:22:56] Health check done
[2026-05-28 06:32:48] Health check starting
[2026-05-28 06:32:56] Health check done
[2026-05-28 06:43:03] Health check starting
[2026-05-28 06:43:11] Health check done
[2026-05-28 06:53:03] Health check starting
[2026-05-28 06:53:11] Health check done
[2026-05-28 07:03:03] Health check starting
[2026-05-28 07:03:10] Health check done
[2026-05-28 07:13:11] Health check starting
[2026-05-28 07:13:18] Health check done
[2026-05-28 07:23:18] Health check starting
[2026-05-28 07:23:25] Health check done
[2026-05-28 07:33:18] Health check starting
[2026-05-28 07:33:26] Health check done
[2026-05-28 07:43:18] Health check starting
[2026-05-28 07:43:26] Health check done
[2026-05-28 07:53:28] Health check starting
[2026-05-28 07:53:36] Health check done
[2026-05-28 08:03:31] Health check starting
[2026-05-28 08:03:39] Health check done
[2026-05-28 08:13:33] Health check starting
[2026-05-28 08:13:41] Health check done
[2026-05-28 08:23:33] Health check starting
[2026-05-28 08:23:41] Health check done
[2026-05-28 08:33:33] Health check starting
[2026-05-28 08:33:41] Health check done
[2026-05-28 08:43:33] Health check starting
[2026-05-28 08:43:41] Health check done
[2026-05-28 08:53:48] Health check starting
[2026-05-28 08:53:54] Health check done
[2026-05-28 09:03:48] Health check starting
[2026-05-28 09:03:56] Health check done
[2026-05-28 09:13:48] Health check starting
[2026-05-28 09:13:56] Health check done
[2026-05-28 09:23:48] Health check starting
[2026-05-28 09:23:56] Health check done
[2026-05-28 09:33:50] Health check starting
[2026-05-28 09:33:57] Health check done
[2026-05-28 09:44:03] Health check starting
[2026-05-28 09:44:11] Health check done
[2026-05-28 09:54:03] Health check starting
[2026-05-28 09:54:11] Health check done
[2026-05-28 10:04:03] Health check starting
[2026-05-28 10:04:11] Health check done
[2026-05-28 10:14:03] Health check starting
[2026-05-28 10:14:11] Health check done
[2026-05-28 10:24:05] Health check starting
[2026-05-28 10:24:12] Health check done
[2026-05-28 10:34:18] Health check starting
[2026-05-28 10:34:26] Health check done
[2026-05-28 10:44:18] Health check starting
[2026-05-28 10:44:26] Health check done
[2026-05-28 10:54:18] Health check starting
[2026-05-28 10:54:26] Health check done
[2026-05-28 11:04:26] Health check starting
[2026-05-28 11:04:33] Health check done
[2026-05-28 11:14:31] Health check starting
[2026-05-28 11:14:39] Health check done
[2026-05-28 11:24:33] Health check starting
[2026-05-28 11:24:42] Health check done
[2026-05-28 11:34:33] Health check starting
[2026-05-28 11:34:41] Health check done
[2026-05-28 11:44:41] Health check starting
[2026-05-28 11:44:49] Health check done
[2026-05-28 11:54:48] Health check starting
[2026-05-28 11:54:56] Health check done
[2026-05-28 12:04:48] Health check starting
[2026-05-28 12:04:56] Health check done
[2026-05-28 12:14:48] Health check starting
[2026-05-28 12:14:56] Health check done
[2026-05-28 12:25:03] Health check starting
[2026-05-28 12:25:11] Health check done
[2026-05-28 12:35:03] Health check starting
[2026-05-28 12:35:11] Health check done
[2026-05-28 12:45:03] Health check starting
[2026-05-28 12:45:11] Health check done
[2026-05-28 12:55:18] Health check starting
[2026-05-28 12:55:27] Health check done
[2026-05-28 13:05:18] Health check starting
[2026-05-28 13:05:27] Health check done
[2026-05-28 13:15:18] Health check starting
[2026-05-28 13:15:26] Health check done
[2026-05-28 13:25:18] Health check starting
[2026-05-28 13:25:25] Health check done
[2026-05-28 13:35:31] Health check starting
[2026-05-28 13:35:38] Health check done
[2026-05-28 13:45:33] Health check starting
[2026-05-28 13:45:42] Health check done
[2026-05-28 13:55:33] Health check starting
[2026-05-28 13:55:40] Health check done
[2026-05-28 14:05:33] Health check starting
[2026-05-28 14:05:40] Health check done
[2026-05-28 14:15:33] Health check starting
[2026-05-28 14:15:40] Health check done
[2026-05-28 14:25:38] Health check starting
[2026-05-28 14:25:45] Health check done
[2026-05-28 14:35:48] Health check starting
[2026-05-28 14:35:55] Health check done
[2026-05-28 14:45:48] Health check starting
[2026-05-28 14:45:56] Health check done
[2026-05-28 14:55:48] Health check starting
[2026-05-28 14:55:56] Health check done
[2026-05-28 15:05:48] Health check starting
[2026-05-28 15:05:56] Health check done
[2026-05-28 15:16:02] Health check starting
[2026-05-28 15:16:09] Health check done
[2026-05-28 15:26:03] Health check starting
[2026-05-28 15:26:11] Health check done
[2026-05-28 15:36:03] Health check starting
[2026-05-28 15:36:11] Health check done
[2026-05-28 15:46:04] Health check starting
[2026-05-28 15:46:11] Health check done
[2026-05-28 15:56:17] Health check starting
[2026-05-28 15:56:24] Health check done
[2026-05-28 16:06:18] Health check starting
[2026-05-28 16:06:26] Health check done
[2026-05-28 16:16:18] Health check starting
[2026-05-28 16:16:26] Health check done
[2026-05-28 16:26:18] Health check starting
[2026-05-28 16:26:26] Health check done
[2026-05-28 16:36:31] Health check starting
[2026-05-28 16:36:39] Health check done
[2026-05-28 16:46:33] Health check starting
[2026-05-28 16:46:41] Health check done
[2026-05-28 16:56:33] Health check starting
[2026-05-28 16:56:41] Health check done
[2026-05-28 17:06:33] Health check starting
[2026-05-28 17:06:41] Health check done
[2026-05-28 17:16:35] Health check starting
[2026-05-28 17:16:42] Health check done
[2026-05-28 17:26:48] Health check starting
[2026-05-28 17:26:56] Health check done
[2026-05-28 17:36:48] Health check starting
[2026-05-28 17:36:56] Health check done
[2026-05-28 17:46:49] Health check starting
[2026-05-28 17:46:56] Health check done
[2026-05-28 17:56:58] Health check starting
[2026-05-28 17:57:05] Health check done
[2026-05-28 18:07:03] Health check starting
[2026-05-28 18:07:11] Health check done
[2026-05-28 18:17:03] Health check starting
[2026-05-28 18:17:11] Health check done
[2026-05-28 18:27:03] Health check starting
[2026-05-28 18:27:11] Health check done
[2026-05-28 18:37:04] Health check starting
[2026-05-28 18:37:16] Health check done
[2026-05-28 18:47:14] Health check starting
[2026-05-28 18:47:25] Health check done
[2026-05-28 18:57:18] Health check starting
[2026-05-28 18:57:26] Health check done
[2026-05-28 19:07:19] Health check starting
[2026-05-28 19:07:26] Health check done
[2026-05-28 19:17:27] Health check starting
[2026-05-28 19:17:35] Health check done
[2026-05-28 19:27:31] Health check starting
[2026-05-28 19:27:39] Health check done
[2026-05-28 19:37:33] Health check starting
[2026-05-28 19:37:41] Health check done
[2026-05-28 19:47:33] Health check starting
[2026-05-28 19:47:41] Health check done
[2026-05-28 19:57:33] Health check starting
[2026-05-28 19:57:41] Health check done
[2026-05-28 20:07:40] Health check starting
[2026-05-28 20:07:48] Health check done
[2026-05-28 20:17:48] Health check starting
[2026-05-28 20:17:56] Health check done
[2026-05-28 20:27:48] Health check starting
[2026-05-28 20:27:56] Health check done
[2026-05-28 20:37:48] Health check starting
[2026-05-28 20:37:57] Health check done
[2026-05-28 20:48:03] Health check starting
[2026-05-28 20:48:11] Health check done
[2026-05-28 20:58:03] Health check starting
[2026-05-28 20:58:11] Health check done
[2026-05-28 21:08:03] Health check starting
[2026-05-28 21:08:11] Health check done
[2026-05-28 21:18:18] Health check starting
[2026-05-28 21:18:26] Health check done
[2026-05-28 21:28:18] Health check starting
[2026-05-28 21:28:26] Health check done
[2026-05-28 21:38:18] Health check starting
[2026-05-28 21:38:26] Health check done
[2026-05-28 21:48:31] Health check starting
[2026-05-28 21:48:39] Health check done
[2026-05-28 21:58:33] Health check starting
[2026-05-28 21:58:41] Health check done
[2026-05-28 22:08:33] Health check starting
[2026-05-28 22:08:41] Health check done
[2026-05-28 22:18:43] Health check starting
[2026-05-28 22:18:51] Health check done
[2026-05-28 22:28:48] Health check starting
[2026-05-28 22:28:56] Health check done
[2026-05-28 22:38:48] Health check starting
[2026-05-28 22:38:56] Health check done
[2026-05-28 22:48:48] Health check starting
[2026-05-28 22:48:56] Health check done
[2026-05-28 22:59:03] Health check starting
[2026-05-28 22:59:11] Health check done
[2026-05-28 23:09:03] Health check starting
[2026-05-28 23:09:11] Health check done
[2026-05-28 23:19:03] Health check starting
[2026-05-28 23:19:11] Health check done
[2026-05-28 23:29:05] Health check starting
[2026-05-28 23:29:12] Health check done
[2026-05-28 23:39:11] Health check starting
[2026-05-28 23:39:18] Health check done
[2026-05-28 23:49:18] Health check starting
[2026-05-28 23:49:26] Health check done
[2026-05-28 23:59:18] Health check starting
[2026-05-28 23:59:26] Health check done
[2026-05-29 00:09:18] Health check starting
[2026-05-29 00:09:39] Health check done
[2026-05-29 00:19:19] Health check starting
[2026-05-29 00:19:26] Health check done
[2026-05-29 00:29:19] Health check starting
[2026-05-29 00:29:26] Health check done
[2026-05-29 00:39:20] Health check starting
[2026-05-29 00:39:28] Health check done
[2026-05-29 00:49:24] Health check starting
[2026-05-29 00:49:32] Health check done
[2026-05-29 00:59:31] Health check starting
[2026-05-29 00:59:39] Health check done
[2026-05-29 01:09:33] Health check starting
[2026-05-29 01:09:41] Health check done
[2026-05-29 01:19:33] Health check starting
[2026-05-29 01:19:41] Health check done
[2026-05-29 01:29:33] Health check starting
[2026-05-29 01:29:41] Health check done
[2026-05-29 01:39:48] Health check starting
[2026-05-29 01:39:56] Health check done
[2026-05-29 01:49:48] Health check starting
[2026-05-29 01:49:56] Health check done
[2026-05-29 01:59:48] Health check starting
[2026-05-29 01:59:56] Health check done
[2026-05-29 02:10:01] Health check starting
[2026-05-29 02:10:08] Health check done
[2026-05-29 02:20:01] Health check starting
[2026-05-29 02:20:09] Health check done
[2026-05-29 02:30:02] Health check starting
[2026-05-29 02:30:09] Health check done
[2026-05-29 02:40:03] Health check starting
[2026-05-29 02:40:11] Health check done
[2026-05-29 02:50:03] Health check starting
[2026-05-29 02:50:11] Health check done
[2026-05-29 03:00:03] Health check starting
[2026-05-29 03:00:11] Health check done
[2026-05-29 03:10:18] Health check starting
[2026-05-29 03:10:26] Health check done
[2026-05-29 03:20:18] Health check starting
[2026-05-29 03:20:26] Health check done
[2026-05-29 03:30:18] Health check starting
[2026-05-29 03:30:26] Health check done
[2026-05-29 03:40:23] Health check starting
[2026-05-29 03:40:30] Health check done
[2026-05-29 03:50:31] Health check starting
[2026-05-29 03:50:39] Health check done
[2026-05-29 04:00:33] Health check starting
[2026-05-29 04:00:41] Health check done
[2026-05-29 04:10:33] Health check starting
[2026-05-29 04:10:41] Health check done
[2026-05-29 04:20:33] Health check starting
[2026-05-29 04:20:41] Health check done
[2026-05-29 04:30:35] Health check starting
[2026-05-29 04:30:42] Health check done
[2026-05-29 04:40:43] Health check starting
[2026-05-29 04:40:51] Health check done
[2026-05-29 04:50:48] Health check starting
[2026-05-29 04:50:56] Health check done
[2026-05-29 05:00:48] Health check starting
[2026-05-29 05:00:56] Health check done
[2026-05-29 05:10:49] Health check starting
[2026-05-29 05:10:56] Health check done
[2026-05-29 05:21:03] Health check starting
[2026-05-29 05:21:11] Health check done
[2026-05-29 05:31:03] Health check starting
[2026-05-29 05:31:11] Health check done
[2026-05-29 05:41:03] Health check starting
[2026-05-29 05:41:11] Health check done
[2026-05-29 05:51:18] Health check starting
[2026-05-29 05:51:26] Health check done
[2026-05-29 06:01:18] Health check starting
[2026-05-29 06:01:26] Health check done
[2026-05-29 06:11:18] Health check starting
[2026-05-29 06:11:26] Health check done
[2026-05-29 06:21:19] Health check starting
[2026-05-29 06:21:26] Health check done
[2026-05-29 06:31:28] Health check starting
[2026-05-29 06:31:36] Health check done
[2026-05-29 06:41:31] Health check starting
[2026-05-29 06:41:39] Health check done
[2026-05-29 06:51:33] Health check starting
[2026-05-29 06:51:41] Health check done
[2026-05-29 07:01:33] Health check starting
[2026-05-29 07:01:41] Health check done
[2026-05-29 07:11:33] Health check starting
[2026-05-29 07:11:41] Health check done
[2026-05-29 07:21:35] Health check starting
[2026-05-29 07:21:41] Health check done
[2026-05-29 07:31:48] Health check starting
[2026-05-29 07:31:55] Health check done
[2026-05-29 07:41:48] Health check starting
[2026-05-29 07:41:55] Health check done
[2026-05-29 07:51:48] Health check starting
[2026-05-29 07:51:55] Health check done
[2026-05-29 08:02:03] Health check starting
[2026-05-29 08:02:10] Health check done
[2026-05-29 08:12:03] Health check starting
[2026-05-29 08:12:10] Health check done
[2026-05-29 08:22:03] Health check starting
[2026-05-29 08:22:10] Health check done
[2026-05-29 08:32:18] Health check starting
[2026-05-29 08:32:25] Health check done
[2026-05-29 08:42:18] Health check starting
[2026-05-29 08:42:25] Health check done
[2026-05-29 08:52:18] Health check starting
[2026-05-29 08:52:25] Health check done
[2026-05-29 09:02:25] Health check starting
[2026-05-29 09:02:32] Health check done
[2026-05-29 09:12:31] Health check starting
[2026-05-29 09:12:38] Health check done
[2026-05-29 09:22:33] Health check starting
[2026-05-29 09:22:40] Health check done
[2026-05-29 09:32:33] Health check starting
[2026-05-29 09:32:40] Health check done
[2026-05-29 09:42:33] Health check starting
[2026-05-29 09:42:40] Health check done
[2026-05-29 09:52:40] Health check starting
[2026-05-29 09:52:47] Health check done
[2026-05-29 10:02:48] Health check starting
[2026-05-29 10:02:56] Health check done
[2026-05-29 10:12:48] Health check starting
[2026-05-29 10:12:56] Health check done
[2026-05-29 10:22:48] Health check starting
[2026-05-29 10:22:56] Health check done
[2026-05-29 10:32:48] Health check starting
[2026-05-29 10:32:56] Health check done
[2026-05-29 10:43:03] Health check starting
[2026-05-29 10:43:11] Health check done
[2026-05-29 10:53:03] Health check starting
[2026-05-29 10:53:11] Health check done
[2026-05-29 11:03:03] Health check starting
[2026-05-29 11:03:11] Health check done
[2026-05-29 11:13:04] Health check starting
[2026-05-29 11:13:11] Health check done
[2026-05-29 11:23:06] Health check starting
[2026-05-29 11:23:13] Health check done
[2026-05-29 11:33:18] Health check starting
[2026-05-29 11:33:26] Health check done
[2026-05-29 11:43:18] Health check starting
[2026-05-29 11:43:26] Health check done
[2026-05-29 11:53:18] Health check starting
[2026-05-29 11:53:26] Health check done
[2026-05-29 12:03:31] Health check starting
[2026-05-29 12:03:39] Health check done
[2026-05-29 12:13:33] Health check starting
[2026-05-29 12:13:42] Health check done
[2026-05-29 12:23:33] Health check starting
[2026-05-29 12:23:41] Health check done
[2026-05-29 12:33:33] Health check starting
[2026-05-29 12:33:40] Health check done
[2026-05-29 12:43:48] Health check starting
[2026-05-29 12:43:55] Health check done
[2026-05-29 12:53:48] Health check starting
[2026-05-29 12:53:55] Health check done
[2026-05-29 13:03:49] Health check starting
[2026-05-29 13:03:56] Health check done
[2026-05-29 13:14:03] Health check starting
[2026-05-29 13:14:10] Health check done
[2026-05-29 13:24:03] Health check starting
[2026-05-29 13:24:10] Health check done
[2026-05-29 13:34:04] Health check starting
[2026-05-29 13:34:11] Health check done
[2026-05-29 13:44:05] Health check starting
[2026-05-29 13:44:11] Health check done
[2026-05-29 13:54:13] Health check starting
[2026-05-29 13:54:20] Health check done
[2026-05-29 14:04:18] Health check starting
[2026-05-29 14:04:26] Health check done
[2026-05-29 14:14:18] Health check starting
[2026-05-29 14:14:26] Health check done
[2026-05-29 14:24:18] Health check starting
[2026-05-29 14:24:26] Health check done
[2026-05-29 14:34:18] Health check starting
[2026-05-29 14:34:26] Health check done
[2026-05-29 14:44:31] Health check starting
[2026-05-29 14:44:40] Health check done
[2026-05-29 14:54:33] Health check starting
[2026-05-29 14:54:42] Health check done
[2026-05-29 15:04:33] Health check starting
[2026-05-29 15:04:43] Health check done
[2026-05-29 15:14:33] Health check starting
[2026-05-29 15:14:42] Health check done
[2026-05-29 15:29:03] Health check starting
[2026-05-29 15:29:11] Health check done
[2026-05-29 15:39:03] Health check starting
[2026-05-29 15:39:12] Health check done
[2026-05-29 15:49:07] Health check starting
[2026-05-29 15:49:15] Health check done
[2026-05-29 15:59:18] Health check starting
[2026-05-29 15:59:27] Health check done
[2026-05-29 16:09:18] Health check starting
[2026-05-29 16:09:27] Health check done
[2026-05-29 16:19:18] Health check starting
[2026-05-29 16:19:27] Health check done
[2026-05-29 16:29:33] Health check starting
[2026-05-29 16:29:42] Health check done
[2026-05-29 16:39:33] Health check starting
[2026-05-29 16:39:42] Health check done
[2026-05-29 16:49:33] Health check starting
[2026-05-29 16:49:57] Health check done
[2026-05-29 16:59:39] Health check starting
[2026-05-29 16:59:48] Health check done
[2026-05-29 17:09:48] Health check starting
[2026-05-29 17:09:57] Health check done
[2026-05-29 17:19:48] Health check starting
[2026-05-29 17:19:58] Health check done
[2026-05-29 17:29:48] Health check starting
[2026-05-29 17:29:57] Health check done
[2026-05-29 17:39:51] Health check starting
[2026-05-29 17:39:59] Health check done
[2026-05-29 17:50:01] Health check starting
[2026-05-29 17:50:09] Health check done
[2026-05-29 18:00:01] Health check starting
[2026-05-29 18:00:09] Health check done
[2026-05-29 18:10:01] Health check starting
[2026-05-29 18:10:09] Health check done
[2026-05-29 18:20:03] Health check starting
[2026-05-29 18:20:11] Health check done
[2026-05-29 18:30:03] Health check starting
[2026-05-29 18:30:12] Health check done
[2026-05-29 18:40:03] Health check starting
[2026-05-29 18:40:11] Health check done
[2026-05-29 18:50:11] Health check starting
[2026-05-29 18:50:18] Health check done
[2026-05-29 19:00:18] Health check starting
[2026-05-29 19:00:26] Health check done
[2026-05-29 19:10:18] Health check starting
[2026-05-29 19:10:26] Health check done
[2026-05-29 19:20:18] Health check starting
[2026-05-29 19:20:26] Health check done
[2026-05-29 19:30:18] Health check starting
[2026-05-29 19:30:26] Health check done
[2026-05-29 19:40:28] Health check starting
[2026-05-29 19:40:36] Health check done
[2026-05-29 19:50:33] Health check starting
[2026-05-29 19:50:42] Health check done
[2026-05-29 20:00:33] Health check starting
[2026-05-29 20:00:45] Health check done
[2026-05-29 20:15:28] Health check starting
[2026-05-29 20:15:35] Health check done
[2026-05-29 20:25:33] Health check starting
[2026-05-29 20:25:41] Health check done
[2026-05-29 20:35:33] Health check starting
[2026-05-29 20:35:42] Health check done
[2026-05-29 20:45:33] Health check starting
[2026-05-29 20:45:49] Health check done
[2026-05-29 20:55:33] Health check starting
[2026-05-29 20:55:45] Health check done
[2026-05-29 21:05:39] Health check starting
[2026-05-29 21:05:50] Health check done
[2026-05-29 21:15:48] Health check starting
[2026-05-29 21:15:58] chat STALE — restarting
[2026-06-01 12:16:48] Health check starting
[2026-06-01 12:16:57] Health check done
[2026-06-01 12:26:48] Health check starting
[2026-06-01 12:26:56] Health check done
[2026-06-01 12:36:49] Health check starting
[2026-06-01 12:36:56] Health check done
[2026-06-01 12:47:03] Health check starting
[2026-06-01 12:47:11] Health check done
[2026-06-01 12:57:03] Health check starting
[2026-06-01 12:57:12] Health check done
[2026-06-01 13:07:08] Health check starting
[2026-06-01 13:07:16] Health check done
[2026-06-01 13:17:18] Health check starting
[2026-06-01 13:17:27] Health check done
[2026-06-01 13:27:18] Health check starting
[2026-06-01 13:27:27] Health check done
[2026-06-01 13:37:19] Health check starting
[2026-06-01 13:37:27] Health check done
[2026-06-01 13:47:24] Health check starting
[2026-06-01 13:47:32] Health check done
[2026-06-01 13:57:33] Health check starting
[2026-06-01 13:57:42] Health check done
[2026-06-01 14:07:33] Health check starting
[2026-06-01 14:07:42] Health check done
[2026-06-01 14:17:33] Health check starting
[2026-06-01 14:17:42] Health check done
[2026-06-01 14:27:34] Health check starting
[2026-06-01 14:27:42] Health check done
[2026-06-01 14:37:35] Health check starting
[2026-06-01 14:37:42] Health check done
[2026-06-01 14:47:35] Health check starting
[2026-06-01 14:47:43] Health check done
[2026-06-01 14:57:36] Health check starting
[2026-06-01 14:57:50] Health check done
[2026-06-01 15:07:48] Health check starting
[2026-06-01 15:07:57] Health check done
[2026-06-01 15:17:48] Health check starting
[2026-06-01 15:17:56] Health check done
[2026-06-01 15:27:49] Health check starting
[2026-06-01 15:27:56] Health check done
[2026-06-01 15:37:54] Health check starting
[2026-06-01 15:38:03] Health check done
[2026-06-01 15:48:03] Health check starting
[2026-06-01 15:48:11] Health check done
[2026-06-01 15:58:03] Health check starting
[2026-06-01 15:58:11] Health check done
[2026-06-01 16:08:12] Health check starting
[2026-06-01 16:08:20] Health check done
[2026-06-01 16:18:14] Health check starting
[2026-06-01 16:18:22] Health check done
[2026-06-01 16:28:14] Health check starting
[2026-06-01 16:28:22] Health check done
[2026-06-01 16:38:18] Health check starting
[2026-06-01 16:38:27] Health check done
[2026-06-01 16:48:19] Health check starting
[2026-06-01 16:48:26] Health check done
[2026-06-01 16:58:24] Health check starting
[2026-06-01 16:58:32] Health check done
[2026-06-01 17:08:33] Health check starting
[2026-06-01 17:08:41] Health check done
[2026-06-01 17:18:33] Health check starting
[2026-06-01 17:18:42] Health check done
[2026-06-01 17:28:34] Health check starting
[2026-06-01 17:28:41] Health check done
[2026-06-01 17:38:48] Health check starting
[2026-06-01 17:38:57] Health check done
[2026-06-01 17:48:48] Health check starting
[2026-06-01 17:48:57] Health check done
[2026-06-01 17:58:49] Health check starting
[2026-06-01 17:58:57] Health check done
[2026-06-01 18:08:49] Health check starting
[2026-06-01 18:08:57] Health check done
[2026-06-01 18:18:51] Health check starting
[2026-06-01 18:18:56] atinus STALE — restarting
[2026-06-02 11:54:40] Health check starting
[2026-06-02 11:54:48] Health check done
[2026-06-02 12:04:48] Health check starting
[2026-06-02 12:05:13] Health check done
[2026-06-02 12:14:48] Health check starting
[2026-06-02 12:14:58] Health check done
[2026-06-02 12:25:00] Health check starting
[2026-06-02 12:25:09] Health check done
[2026-06-02 12:35:01] Health check starting
[2026-06-02 12:35:28] Health check done
[2026-06-02 12:45:03] Health check starting
[2026-06-02 12:45:12] Health check done
[2026-06-02 12:55:03] Health check starting
[2026-06-02 12:55:12] Health check done
[2026-06-02 13:05:03] Health check starting
[2026-06-02 13:05:12] Health check done
[2026-06-02 13:15:03] Health check starting
[2026-06-02 13:15:12] Health check done
[2026-06-02 13:25:18] Health check starting
[2026-06-02 13:25:27] Health check done
[2026-06-02 13:35:19] Health check starting
[2026-06-02 13:35:27] Health check done
[2026-06-02 13:45:33] Health check starting
[2026-06-02 13:45:41] Health check done
[2026-06-02 13:55:33] Health check starting
[2026-06-02 13:55:41] Health check done
[2026-06-02 14:05:34] Health check starting
[2026-06-02 14:05:41] Health check done
[2026-06-02 14:15:40] Health check starting
[2026-06-02 14:15:47] Health check done
[2026-06-02 14:25:48] Health check starting
[2026-06-02 14:26:03] Health check done
[2026-06-02 14:35:48] Health check starting
[2026-06-02 14:35:57] Health check done
[2026-06-02 14:45:48] Health check starting
[2026-06-02 14:45:57] Health check done
[2026-06-02 14:55:48] Health check starting
[2026-06-02 14:55:57] Health check done
[2026-06-02 15:06:03] Health check starting
[2026-06-02 15:06:12] Health check done
[2026-06-02 15:16:03] Health check starting
[2026-06-02 15:16:12] Health check done
[2026-06-02 15:26:03] Health check starting
[2026-06-02 15:26:11] Health check done
[2026-06-02 15:36:08] Health check starting
[2026-06-02 15:36:16] Health check done
[2026-06-02 15:46:08] Health check starting
[2026-06-02 15:46:16] Health check done
[2026-06-02 15:56:18] Health check starting
[2026-06-02 15:56:26] Health check done
[2026-06-02 16:06:18] Health check starting
[2026-06-02 16:06:26] Health check done
[2026-06-02 16:16:18] Health check starting
[2026-06-02 16:16:26] Health check done
[2026-06-02 16:26:33] Health check starting
[2026-06-02 16:26:41] Health check done
[2026-06-02 16:36:33] Health check starting
[2026-06-02 16:36:44] Health check done
[2026-06-02 16:46:33] Health check starting
[2026-06-02 16:46:41] Health check done
[2026-06-02 16:56:39] Health check starting
[2026-06-02 16:56:47] Health check done
[2026-06-02 17:06:40] Health check starting
[2026-06-02 17:06:48] Health check done
[2026-06-02 17:16:48] Health check starting
[2026-06-02 17:16:56] Health check done
[2026-06-02 17:26:48] Health check starting
[2026-06-02 17:26:56] Health check done
[2026-06-02 17:36:48] Health check starting
[2026-06-02 17:36:56] Health check done
[2026-06-02 17:46:49] Health check starting
[2026-06-02 17:46:56] Health check done
[2026-06-02 17:56:49] Health check starting
[2026-06-02 17:56:57] Health check done
[2026-06-02 18:07:03] Health check starting
[2026-06-02 18:07:11] Health check done
[2026-06-02 18:17:03] Health check starting
[2026-06-02 18:17:11] Health check done
[2026-06-02 18:27:18] Health check starting
[2026-06-02 18:27:26] Health check done
[2026-06-02 18:37:18] Health check starting
[2026-06-02 18:37:26] Health check done
[2026-06-02 18:47:25] Health check starting
[2026-06-02 18:47:33] Health check done
[2026-06-02 18:57:33] Health check starting
[2026-06-02 18:57:41] Health check done
[2026-06-02 19:07:33] Health check starting
[2026-06-02 19:07:41] Health check done
[2026-06-02 19:17:33] Health check starting
[2026-06-02 19:17:41] Health check done
[2026-06-02 19:27:36] Health check starting
[2026-06-02 19:27:43] Health check done
[2026-06-02 19:37:36] Health check starting
[2026-06-02 19:37:44] Health check done
[2026-06-02 19:47:38] Health check starting
[2026-06-02 19:47:45] Health check done
[2026-06-02 19:57:40] Health check starting
[2026-06-02 19:57:47] Health check done
[2026-06-02 20:07:41] Health check starting
[2026-06-02 20:07:48] Health check done
[2026-06-02 20:17:45] Health check starting
[2026-06-02 20:17:53] Health check done
[2026-06-02 20:27:48] Health check starting
[2026-06-02 20:27:56] Health check done
[2026-06-02 20:37:48] Health check starting
[2026-06-02 20:37:56] Health check done
[2026-06-02 20:48:03] Health check starting
[2026-06-02 20:48:11] Health check done
[2026-06-02 20:58:03] Health check starting
[2026-06-02 20:58:11] Health check done
[2026-06-02 21:08:03] Health check starting
[2026-06-02 21:08:11] Health check done
[2026-06-02 21:18:18] Health check starting
[2026-06-02 21:18:28] Health check done
[2026-06-02 21:28:18] Health check starting
[2026-06-02 21:28:26] Health check done
[2026-06-02 21:38:18] Health check starting
[2026-06-02 21:38:26] Health check done
[2026-06-02 21:48:27] Health check starting
[2026-06-02 21:48:34] Health check done
[2026-06-02 21:58:33] Health check starting
[2026-06-02 21:58:41] Health check done
[2026-06-02 22:08:33] Health check starting
[2026-06-02 22:08:41] Health check done
[2026-06-02 22:18:33] Health check starting
[2026-06-02 22:18:41] Health check done
[2026-06-02 22:28:38] Health check starting
[2026-06-02 22:28:46] Health check done
[2026-06-02 22:38:40] Health check starting
[2026-06-02 22:38:47] Health check done
[2026-06-02 22:48:48] Health check starting
[2026-06-02 22:48:56] Health check done
[2026-06-02 22:58:48] Health check starting
[2026-06-02 22:58:56] Health check done
[2026-06-02 23:08:48] Health check starting
[2026-06-02 23:08:56] Health check done
[2026-06-02 23:19:03] Health check starting
[2026-06-02 23:19:11] Health check done
[2026-06-02 23:29:03] Health check starting
[2026-06-02 23:29:12] Health check done
[2026-06-02 23:39:03] Health check starting
[2026-06-02 23:39:11] Health check done
[2026-06-02 23:49:05] Health check starting
[2026-06-02 23:49:13] Health check done
[2026-06-02 23:59:18] Health check starting
[2026-06-02 23:59:26] Health check done
[2026-06-03 00:09:18] Health check starting
[2026-06-03 00:09:26] Health check done
[2026-06-03 00:19:19] Health check starting
[2026-06-03 00:19:26] Health check done
[2026-06-03 00:29:19] Health check starting
[2026-06-03 00:29:26] Health check done
[2026-06-03 00:39:28] Health check starting
[2026-06-03 00:39:36] Health check done
[2026-06-03 00:49:33] Health check starting
[2026-06-03 00:49:41] Health check done
[2026-06-03 00:59:33] Health check starting
[2026-06-03 00:59:41] Health check done
[2026-06-03 01:09:33] Health check starting
[2026-06-03 01:09:41] Health check done
[2026-06-03 01:19:40] Health check starting
[2026-06-03 01:19:47] Health check done
[2026-06-03 01:29:48] Health check starting
[2026-06-03 01:29:56] Health check done
[2026-06-03 01:39:48] Health check starting
[2026-06-03 01:39:56] Health check done
[2026-06-03 01:49:48] Health check starting
[2026-06-03 01:49:56] Health check done
[2026-06-03 01:59:49] Health check starting
[2026-06-03 01:59:56] Health check done
[2026-06-03 02:10:01] Health check starting
[2026-06-03 02:10:08] Health check done
[2026-06-03 02:20:01] Health check starting
[2026-06-03 02:20:21] chat STALE — restarting
[2026-06-03 02:20:34] chat → https://api.trycloudflare.com
[2026-06-03 02:20:54] comfyui STALE — restarting
[2026-06-03 02:21:07] comfyui → https://api.trycloudflare.com
[2026-06-03 02:21:27] dashboard STALE — restarting
[2026-06-03 02:21:40] dashboard → https://api.trycloudflare.com
[2026-06-03 02:22:00] ipmi STALE — restarting
[2026-06-03 02:22:13] ipmi → https://api.trycloudflare.com
[2026-06-03 02:22:33] atinus STALE — restarting
[2026-06-03 02:22:46] atinus → https://api.trycloudflare.com
[2026-06-03 02:23:04] grafana STALE — restarting
[2026-06-03 02:23:12] grafana FAILED to get new URL
[2026-06-03 02:23:32] obsidian STALE — restarting
[2026-06-03 02:23:40] obsidian FAILED to get new URL
  [chat] → https://api.trycloudflare.com
  [comfyui] → https://api.trycloudflare.com
  [dashboard] → https://api.trycloudflare.com
  [grafana] → https://sort-old-salmon-therefore.trycloudflare.com
  [obsidian] → https://protein-wishes-mysterious-fingers.trycloudflare.com
  [ipmi] → https://api.trycloudflare.com
  [atinus] → https://api.trycloudflare.com
  [comfyui_rocm] → https://deaf-information-emily-islamic.trycloudflare.com
✓ 8 URL replacement(s) applied
[main 95885ea] auto-update tunnel URLs (2026-06-03 02:23)
 1 file changed, 5 insertions(+), 5 deletions(-)
fatal: unable to access 'https://github.com/Saurishg/links-page.git/': Could not resolve host: github.com
[2026-06-03 02:24:00] Links page updated
[2026-06-03 02:24:00] Health check done
[2026-06-03 02:30:03] Health check starting
[2026-06-03 02:30:24] chat STALE — restarting
[2026-06-03 02:30:35] chat → https://api.trycloudflare.com
[2026-06-03 02:30:54] comfyui STALE — restarting
[2026-06-03 02:31:05] comfyui → https://api.trycloudflare.com
[2026-06-03 02:31:21] dashboard STALE — restarting
[2026-06-03 02:31:32] dashboard → https://api.trycloudflare.com
[2026-06-03 02:31:52] ipmi STALE — restarting
[2026-06-03 02:32:03] ipmi → https://api.trycloudflare.com
[2026-06-03 02:32:20] atinus STALE — restarting
[2026-06-03 02:32:31] atinus → https://api.trycloudflare.com
[2026-06-03 02:32:48] grafana STALE — restarting
[2026-06-03 02:32:56] grafana FAILED to get new URL
[2026-06-03 02:33:11] obsidian STALE — restarting
[2026-06-03 02:33:19] obsidian FAILED to get new URL
  [chat] → https://api.trycloudflare.com
  [comfyui] → https://api.trycloudflare.com
  [dashboard] → https://api.trycloudflare.com
  [grafana] → https://sort-old-salmon-therefore.trycloudflare.com
  [obsidian] → https://protein-wishes-mysterious-fingers.trycloudflare.com
  [ipmi] → https://api.trycloudflare.com
  [atinus] → https://api.trycloudflare.com
  [comfyui_rocm] → https://deaf-information-emily-islamic.trycloudflare.com
✓ 8 URL replacement(s) applied
✓ URLs unchanged — no push needed
[2026-06-03 02:33:20] Links page updated
[2026-06-03 02:33:20] Health check done
[2026-06-03 02:40:17] Health check starting
[2026-06-03 02:40:37] chat STALE — restarting
[2026-06-03 02:40:48] chat → https://api.trycloudflare.com
[2026-06-03 02:41:08] comfyui STALE — restarting
[2026-06-03 02:41:19] comfyui → https://api.trycloudflare.com
[2026-06-03 02:41:39] dashboard STALE — restarting
[2026-06-03 02:41:50] dashboard → https://api.trycloudflare.com
[2026-06-03 02:42:10] ipmi STALE — restarting
[2026-06-03 02:42:21] ipmi → https://api.trycloudflare.com
[2026-06-03 02:42:41] atinus STALE — restarting
[2026-06-03 02:42:52] atinus → https://api.trycloudflare.com
[2026-06-03 02:43:09] grafana STALE — restarting
[2026-06-03 02:43:17] grafana FAILED to get new URL
[2026-06-03 02:43:33] obsidian STALE — restarting
[2026-06-03 02:43:41] obsidian FAILED to get new URL
  [chat] → https://api.trycloudflare.com
  [comfyui] → https://api.trycloudflare.com
  [dashboard] → https://api.trycloudflare.com
  [grafana] → https://sort-old-salmon-therefore.trycloudflare.com
  [obsidian] → https://protein-wishes-mysterious-fingers.trycloudflare.com
  [ipmi] → https://api.trycloudflare.com
  [atinus] → https://api.trycloudflare.com
  [comfyui_rocm] → https://deaf-information-emily-islamic.trycloudflare.com
✓ 8 URL replacement(s) applied
✓ URLs unchanged — no push needed
[2026-06-03 02:43:41] Links page updated
[2026-06-03 02:43:41] Health check done
[2026-06-03 02:50:18] Health check starting
[2026-06-03 02:50:19] grafana STALE — restarting
[2026-06-03 02:50:27] grafana FAILED to get new URL
[2026-06-03 02:50:27] obsidian STALE — restarting
[2026-06-03 02:50:35] obsidian FAILED to get new URL
[2026-06-03 02:50:35] Health check done
[2026-06-03 03:00:18] Health check starting
[2026-06-03 03:00:19] grafana STALE — restarting
[2026-06-03 03:00:27] grafana FAILED to get new URL
[2026-06-03 03:00:27] obsidian STALE — restarting
[2026-06-03 03:00:35] obsidian FAILED to get new URL
[2026-06-03 03:00:35] Health check done
[2026-06-03 03:10:20] Health check starting
[2026-06-03 03:10:40] chat STALE — restarting
[2026-06-03 03:10:51] chat → https://api.trycloudflare.com
[2026-06-03 03:11:08] comfyui STALE — restarting
[2026-06-03 03:11:19] comfyui → https://api.trycloudflare.com
[2026-06-03 03:11:39] dashboard STALE — restarting
[2026-06-03 03:11:50] dashboard → https://api.trycloudflare.com
[2026-06-03 03:12:10] ipmi STALE — restarting
[2026-06-03 03:12:21] ipmi → https://api.trycloudflare.com
[2026-06-03 03:12:41] atinus STALE — restarting
[2026-06-03 03:12:52] atinus → https://api.trycloudflare.com
[2026-06-03 03:13:11] grafana STALE — restarting
[2026-06-03 03:13:19] grafana FAILED to get new URL
[2026-06-03 03:13:39] obsidian STALE — restarting
[2026-06-03 03:13:47] obsidian FAILED to get new URL
  [chat] → https://api.trycloudflare.com
  [comfyui] → https://api.trycloudflare.com
  [dashboard] → https://api.trycloudflare.com
  [grafana] → https://sort-old-salmon-therefore.trycloudflare.com
  [obsidian] → https://protein-wishes-mysterious-fingers.trycloudflare.com
  [ipmi] → https://api.trycloudflare.com
  [atinus] → https://api.trycloudflare.com
  [comfyui_rocm] → https://deaf-information-emily-islamic.trycloudflare.com
✓ 8 URL replacement(s) applied
✓ URLs unchanged — no push needed
[2026-06-03 03:13:47] Links page updated
[2026-06-03 03:13:47] Health check done
[2026-06-03 03:20:33] Health check starting
[2026-06-03 03:20:49] chat STALE — restarting
[2026-06-03 03:21:00] chat → https://api.trycloudflare.com
[2026-06-03 03:21:20] comfyui STALE — restarting
[2026-06-03 03:21:31] comfyui → https://api.trycloudflare.com
[2026-06-03 03:21:49] dashboard STALE — restarting
[2026-06-03 03:21:56] dashboard → https://api.trycloudflare.com
[2026-06-03 03:22:16] ipmi STALE — restarting
[2026-06-03 03:22:25] ipmi → https://api.trycloudflare.com
[2026-06-03 03:22:45] atinus STALE — restarting
[2026-06-03 03:22:56] atinus → https://api.trycloudflare.com
[2026-06-03 03:23:13] grafana STALE — restarting
[2026-06-03 03:23:21] grafana FAILED to get new URL
[2026-06-03 03:23:41] obsidian STALE — restarting
[2026-06-03 03:23:49] obsidian FAILED to get new URL
  [chat] → https://api.trycloudflare.com
  [comfyui] → https://api.trycloudflare.com
  [dashboard] → https://api.trycloudflare.com
  [grafana] → https://sort-old-salmon-therefore.trycloudflare.com
  [obsidian] → https://protein-wishes-mysterious-fingers.trycloudflare.com
  [ipmi] → https://api.trycloudflare.com
  [atinus] → https://api.trycloudflare.com
  [comfyui_rocm] → https://deaf-information-emily-islamic.trycloudflare.com
✓ 8 URL replacement(s) applied
✓ URLs unchanged — no push needed
[2026-06-03 03:23:49] Links page updated
[2026-06-03 03:23:49] Health check done
[2026-06-03 03:30:33] Health check starting
[2026-06-03 03:30:49] chat STALE — restarting
[2026-06-03 03:31:00] chat → https://api.trycloudflare.com
[2026-06-03 03:31:20] comfyui STALE — restarting
[2026-06-03 03:31:31] comfyui → https://api.trycloudflare.com
[2026-06-03 03:31:46] dashboard STALE — restarting
[2026-06-03 03:31:52] dashboard → https://api.trycloudflare.com
[2026-06-03 03:32:09] ipmi STALE — restarting
[2026-06-03 03:32:18] ipmi → https://api.trycloudflare.com
[2026-06-03 03:32:35] atinus STALE — restarting
[2026-06-03 03:32:46] atinus → https://api.trycloudflare.com
[2026-06-03 03:33:06] grafana STALE — restarting
[2026-06-03 03:33:14] grafana FAILED to get new URL
[2026-06-03 03:33:30] obsidian STALE — restarting
[2026-06-03 03:33:38] obsidian FAILED to get new URL
  [chat] → https://api.trycloudflare.com
  [comfyui] → https://api.trycloudflare.com
  [dashboard] → https://api.trycloudflare.com
  [grafana] → https://sort-old-salmon-therefore.trycloudflare.com
  [obsidian] → https://protein-wishes-mysterious-fingers.trycloudflare.com
  [ipmi] → https://api.trycloudflare.com
  [atinus] → https://api.trycloudflare.com
  [comfyui_rocm] → https://deaf-information-emily-islamic.trycloudflare.com
✓ 8 URL replacement(s) applied
✓ URLs unchanged — no push needed
[2026-06-03 03:33:38] Links page updated
[2026-06-03 03:33:38] Health check done
[2026-06-03 03:40:33] Health check starting
[2026-06-03 03:40:53] chat STALE — restarting
[2026-06-03 03:41:04] chat → https://api.trycloudflare.com
[2026-06-03 03:41:22] comfyui STALE — restarting
[2026-06-03 03:41:33] comfyui → https://api.trycloudflare.com
[2026-06-03 03:41:53] dashboard STALE — restarting
[2026-06-03 03:42:04] dashboard → https://api.trycloudflare.com
[2026-06-03 03:42:24] ipmi STALE — restarting
[2026-06-03 03:42:35] ipmi → https://api.trycloudflare.com
[2026-06-03 03:42:55] atinus STALE — restarting
[2026-06-03 03:43:07] atinus → https://api.trycloudflare.com
[2026-06-03 03:43:27] grafana STALE — restarting
[2026-06-03 03:43:35] grafana FAILED to get new URL
[2026-06-03 03:43:55] obsidian STALE — restarting
[2026-06-03 03:44:03] obsidian FAILED to get new URL
  [chat] → https://api.trycloudflare.com
  [comfyui] → https://api.trycloudflare.com
  [dashboard] → https://api.trycloudflare.com
  [grafana] → https://sort-old-salmon-therefore.trycloudflare.com
  [obsidian] → https://protein-wishes-mysterious-fingers.trycloudflare.com
  [ipmi] → https://api.trycloudflare.com
  [atinus] → https://api.trycloudflare.com
  [comfyui_rocm] → https://deaf-information-emily-islamic.trycloudflare.com
✓ 8 URL replacement(s) applied
✓ URLs unchanged — no push needed
[2026-06-03 03:44:03] Links page updated
[2026-06-03 03:44:03] Health check done
[2026-06-03 03:50:33] Health check starting
[2026-06-03 03:50:54] chat STALE — restarting
[2026-06-03 03:51:05] chat → https://api.trycloudflare.com
[2026-06-03 03:51:25] comfyui STALE — restarting
[2026-06-03 03:51:36] comfyui → https://api.trycloudflare.com
[2026-06-03 03:51:56] dashboard STALE — restarting
[2026-06-03 03:52:07] dashboard → https://api.trycloudflare.com
[2026-06-03 03:52:27] ipmi STALE — restarting
[2026-06-03 03:52:38] ipmi → https://api.trycloudflare.com
[2026-06-03 03:52:48] atinus STALE — restarting
[2026-06-09 00:37:13] Health check starting
[2026-06-09 00:37:19] mpt STALE — restarting
[2026-06-11 22:36:11] Health check starting
[2026-06-11 22:36:17] mpt STALE — restarting
